settled_time_utc,token_id,dog_name,dog_image_url,dog_external_url,dog_opensea_url,traits,trait_rarity,rarity,rarity_score,winner_wallet,winner,winner_url,winning_bid,winning_bid_eth,winning_bid_usd,winning_bid_usd_at_settlement,eth_usd_price_at_event,eth_usd_price_date_utc,usd_estimate_source,usd_estimate_source_detail,usd_estimate_confidence,usd_estimate_basis,bid_count,unique_bidders,first_bid_utc,last_bid_utc,block_number,tx_hash
2026-06-14 23:26:39,743,Degen Dog #743,https://api.degendogs.club/images/743.png,https://degendogs.club/#dog743,https://opensea.io/item/base/0x09154248ffdbaf8aa877ae8a4bf8ce1503596428/743,Background: None; Body: White; Neck: GoldNecklace; Mouth: None; Ears: Earbuds; Head: BlackCap; Eyes: EyePatch,Background: None (90.3%); Body: White (11.4%); Neck: GoldNecklace (19.5%); Mouth: None (68.6%); Ears: Earbuds (32.2%); Head: BlackCap (6.8%); Eyes: EyePatch (7.9%),#401/745,46.806675,0x71ce5605ab649d97446ef179bc2983b18ddc9a48,@cryptomill,https://farcaster.xyz/cryptomill,0.02690 ETH ($45),0.0269,45.19,45.19,1680.0286846419424,2026-06-14,defillama_coin_prices,coins.llama.fi/chart/coingecko:ethereum,medium,settlement_date_eth_usd,3,3,2026-06-13 22:26:49,2026-06-14 21:35:47,47345126,0x369575f08715525c9abe7377c6ba6f6e43efe25556e593e1c437bc4e35108a4f
2026-06-13 21:37:25,742,Degen Dog #742,https://api.degendogs.club/images/742.png,https://degendogs.club/#dog742,https://opensea.io/item/base/0x09154248ffdbaf8aa877ae8a4bf8ce1503596428/742,Background: None; Body: Rainbow; Neck: RedCollar; Mouth: None; Ears: None; Head: None; Eyes: Monocle,Background: None (90.3%); Body: Rainbow (4.4%); Neck: RedCollar (30.7%); Mouth: None (68.6%); Ears: None (25.4%); Head: None (20.4%); Eyes: Monocle (6.7%),#251/745,52.137057,0x4119cfa20129f9ea739590ea914cdfbc0c0772cb,0x4119…72cb,https://basescan.org/address/0x4119cfa20129f9ea739590ea914cdfbc0c0772cb,0.02996 ETH ($50),0.02996,49.88,49.88,1665.0473448741673,2026-06-13,defillama_coin_prices,coins.llama.fi/chart/coingecko:ethereum,medium,settlement_date_eth_usd,8,6,2026-06-12 21:41:53,2026-06-13 21:31:47,47298649,0x046eada99fa3f17b70beb4f1d7656542840d39946fe013118aafb7823b74d45e
2026-06-12 21:31:21,741,Degen Dog #741,https://api.degendogs.club/images/741.png,https://degendogs.club/#dog741,https://opensea.io/item/base/0x09154248ffdbaf8aa877ae8a4bf8ce1503596428/741,Background: None; Body: Grey; Neck: None; Mouth: None; Ears: None; Head: None; Eyes: BlueLaserEyes,Background: None (90.3%); Body: Grey (11.5%); Neck: None (39.9%); Mouth: None (68.6%); Ears: None (25.4%); Head: None (20.4%); Eyes: BlueLaserEyes (10.9%),#721/745,31.776763,0xa2648350f3566e4f18a9519734928d08d3ea08c4,@badadan,https://farcaster.xyz/badadan,0.02600 ETH ($43),0.026,43.29,43.29,1665.0473448741673,2026-06-13,defillama_coin_prices,coins.llama.fi/chart/coingecko:ethereum,medium,nearest_settlement_date_eth_usd,16,7,2026-06-11 21:17:11,2026-06-12 21:26:07,47255267,0xada3a1c3bb70bc482da450e40bf806ee96e7b60025ffe4fff1ed9618017af9f6
2026-06-11 21:16:27,740,Degen Dog #740,https://api.degendogs.club/images/740.png,https://degendogs.club/#dog740,https://opensea.io/item/base/0x09154248ffdbaf8aa877ae8a4bf8ce1503596428/740,Background: None; Body: Grey; Neck: None; Mouth: Tongue; Ears: Earbuds; Head: Hoodie; Eyes: None,Background: None (90.3%); Body: Grey (11.5%); Neck: None (39.9%); Mouth: Tongue (9.7%); Ears: Earbuds (32.2%); Head: Hoodie (4.8%); Eyes: None (17.9%),#255/745,52.025529,0x46e9beef5dc68dff095eca56dadf90247f1af7ef,@stemo.eth,https://farcaster.xyz/stemo.eth,0.02760 ETH ($45),0.0276,44.73,44.73,1620.4809781316494,2026-06-11,defillama_coin_prices,coins.llama.fi/chart/coingecko:ethereum,medium,settlement_date_eth_usd,1,1,2026-06-10 21:16:31,2026-06-10 21:16:31,47211620,0x76e2dcf7e8e958ec13d559b6c2dd74e49fc7e12a94b0ac2cf5d91c6a2c40c0e6
2026-06-10 21:15:59,739,Degen Dog #739,https://api.degendogs.club/images/739.png,https://degendogs.club/#dog739,https://opensea.io/item/base/0x09154248ffdbaf8aa877ae8a4bf8ce1503596428/739,Background: None; Body: Grey; Neck: None; Mouth: None; Ears: None; Head: PartyHat; Eyes: Glasses,Background: None (90.3%); Body: Grey (11.5%); Neck: None (39.9%); Mouth: None (68.6%); Ears: None (25.4%); Head: PartyHat (4.4%); Eyes: Glasses (12.6%),#351/745,48.179206,0x23d660548cd61432537592dcea15b059605c9242,@kenshiking.eth,https://farcaster.xyz/kenshiking.eth,0.03300 ETH ($53),0.033,53.48,53.48,1620.4809781316494,2026-06-11,defillama_coin_prices,coins.llama.fi/chart/coingecko:ethereum,medium,nearest_settlement_date_eth_usd,3,3,2026-06-09 20:38:17,2026-06-10 20:15:53,47168406,0xb3fb7233efcbcce6930ac3f71193b168172c2a1c4aaf3bf9024004da3d248aa4
2026-06-09 20:37:53,738,Degen Dog #738,https://api.degendogs.club/images/738.png,https://degendogs.club/#dog738,https://opensea.io/item/base/0x09154248ffdbaf8aa877ae8a4bf8ce1503596428/738,Background: None; Body: RedBrown; Neck: None; Mouth: Tongue; Ears: Earbuds; Head: None; Eyes: Sunglasses,Background: None (90.3%); Body: RedBrown (15.3%); Neck: None (39.9%); Mouth: Tongue (9.7%); Ears: Earbuds (32.2%); Head: None (20.4%); Eyes: Sunglasses (14.6%),#677/745,35.338056,0x23d660548cd61432537592dcea15b059605c9242,@kenshiking.eth,https://farcaster.xyz/kenshiking.eth,0.03300 ETH ($54),0.033,54.05,54.05,1637.8350754267938,2026-06-09,defillama_coin_prices,coins.llama.fi/chart/coingecko:ethereum,medium,settlement_date_eth_usd,4,4,2026-06-08 20:16:47,2026-06-09 20:01:05,47124063,0xab40afc2427ed2399b2c30ba0f9e080475f450431bc77253e4fdd53823dfee2e
2026-06-08 20:15:03,737,Degen Dog #737,https://api.degendogs.club/images/737.png,https://degendogs.club/#dog737,https://opensea.io/item/base/0x09154248ffdbaf8aa877ae8a4bf8ce1503596428/737,Background: None; Body: Blue; Neck: None; Mouth: Tongue; Ears: Earbuds; Head: None; Eyes: Glasses,Background: None (90.3%); Body: Blue (9.1%); Neck: None (39.9%); Mouth: Tongue (9.7%); Ears: Earbuds (32.2%); Head: None (20.4%); Eyes: Glasses (12.6%),#567/745,40.84952,0xa9b0ff77f30d9876378a94155d2153caa68e03e3,0xa9b0…03e3,https://basescan.org/address/0xa9b0ff77f30d9876378a94155d2153caa68e03e3,0.03631 ETH ($61),0.03631,61.26,61.26,1687.0760837926352,2026-06-08,defillama_coin_prices,coins.llama.fi/chart/coingecko:ethereum,medium,settlement_date_eth_usd,4,4,2026-06-07 20:11:13,2026-06-08 20:09:45,47080178,0xc3376e2b92c0b20596c147156364b7dadb8a9ed220589d7baa352868c0a2059a
2026-06-07 20:10:25,736,Degen Dog #736,https://api.degendogs.club/images/736.png,https://degendogs.club/#dog736,https://opensea.io/item/base/0x09154248ffdbaf8aa877ae8a4bf8ce1503596428/736,Background: None; Body: Brown; Neck: None; Mouth: None; Ears: None; Head: StripedBeanie; Eyes: None,Background: None (90.3%); Body: Brown (10.9%); Neck: None (39.9%); Mouth: None (68.6%); Ears: None (25.4%); Head: StripedBeanie (8.7%); Eyes: None (17.9%),#678/745,35.275699,0xd29c790466675153a50df7860b9efdb689a21cde,@thec1,https://farcaster.xyz/thec1,0.02662 ETH ($45),0.02662,44.91,44.91,1687.0760837926352,2026-06-08,defillama_coin_prices,coins.llama.fi/chart/coingecko:ethereum,medium,nearest_settlement_date_eth_usd,8,4,2026-06-06 20:20:13,2026-06-07 20:02:17,47036839,0xbfff6165d41f2161ea16b201afbeab2fd7664f4dcb5aab34b637bc78540777e3
2026-06-06 20:03:33,735,Degen Dog #735,https://api.degendogs.club/images/735.png,https://degendogs.club/#dog735,https://opensea.io/item/base/0x09154248ffdbaf8aa877ae8a4bf8ce1503596428/735,Background: None; Body: RedBrown; Neck: RedCollar; Mouth: Tongue; Ears: LoopEarring; Head: Headphones; Eyes: Monocle,Background: None (90.3%); Body: RedBrown (15.3%); Neck: RedCollar (30.7%); Mouth: Tongue (9.7%); Ears: LoopEarring (27.1%); Head: Headphones (6.3%); Eyes: Monocle (6.7%),#178/745,55.681751,0x4119cfa20129f9ea739590ea914cdfbc0c0772cb,0x4119…72cb,https://basescan.org/address/0x4119cfa20129f9ea739590ea914cdfbc0c0772cb,0.03995 ETH ($63),0.03995,62.67,62.67,1568.766143257666,2026-06-06,defillama_coin_prices,coins.llama.fi/chart/coingecko:ethereum,medium,settlement_date_eth_usd,4,2,2026-06-05 20:04:49,2026-06-06 15:52:45,46993433,0xa13ad52105ce694def92986e14fe3180f65545fa93a778bedff4bf4988b4768c
2026-06-05 20:03:17,734,Degen Dog #734,https://api.degendogs.club/images/734.png,https://degendogs.club/#dog734,https://opensea.io/item/base/0x09154248ffdbaf8aa877ae8a4bf8ce1503596428/734,Background: None; Body: White; Neck: StuddedCollar; Mouth: None; Ears: LoopEarring; Head: StripedBeanie; Eyes: None,Background: None (90.3%); Body: White (11.4%); Neck: StuddedCollar (9.9%); Mouth: None (68.6%); Ears: LoopEarring (27.1%); Head: StripedBeanie (8.7%); Eyes: None (17.9%),#529/745,42.148344,0x3516006709b775e01b48dfb5fad355a4e793e347,@staraptor.eth,https://farcaster.xyz/staraptor.eth,0.03690 ETH ($58),0.0369,58.32,58.32,1580.6197586525523,2026-06-05,defillama_coin_prices,coins.llama.fi/chart/coingecko:ethereum,medium,settlement_date_eth_usd,2,2,2026-06-04 19:59:49,2026-06-04 21:20:15,46950225,0x9749ec39c2944be8d6d397b092343309a0c898c6fd4dbe17d125e81f4b43a995
2026-06-04 19:59:03,733,Degen Dog #733,https://api.degendogs.club/images/733.png,https://degendogs.club/#dog733,https://opensea.io/item/base/0x09154248ffdbaf8aa877ae8a4bf8ce1503596428/733,Background: None; Body: Blue; Neck: None; Mouth: None; Ears: LoopEarring; Head: StripedBeanie; Eyes: VRGoggles,Background: None (90.3%); Body: Blue (9.1%); Neck: None (39.9%); Mouth: None (68.6%); Ears: LoopEarring (27.1%); Head: StripedBeanie (8.7%); Eyes: VRGoggles (10.3%),#566/745,40.854191,0xd1ab146981d50adcfe18433500e852af396ea7b1,@pare,https://farcaster.xyz/pare,0.04400 ETH ($80),0.044,79.7,79.7,1811.346676900944,2026-06-04,defillama_coin_prices,coins.llama.fi/chart/coingecko:ethereum,medium,settlement_date_eth_usd,6,6,2026-06-03 19:49:27,2026-06-04 13:26:01,46906898,0xb864369f5fc13c61f435ee5eb579a0f367ad1fe99ee3e054ea44fad15b62c36f
2026-06-03 19:41:49,732,Degen Dog #732,https://api.degendogs.club/images/732.png,https://degendogs.club/#dog732,https://opensea.io/item/base/0x09154248ffdbaf8aa877ae8a4bf8ce1503596428/732,Background: None; Body: Orange; Neck: None; Mouth: None; Ears: None; Head: RedMohawk; Eyes: RedLaserEyes,Background: None (90.3%); Body: Orange (8.7%); Neck: None (39.9%); Mouth: None (68.6%); Ears: None (25.4%); Head: RedMohawk (6.8%); Eyes: RedLaserEyes (5.2%),#212/745,54.187071,0xdbb811ec62338db94858ec21ef1d56b658111922,@floam,https://farcaster.xyz/floam,0.05324 ETH ($99),0.05324,98.92,98.92,1857.9894545825687,2026-06-03,defillama_coin_prices,coins.llama.fi/chart/coingecko:ethereum,medium,settlement_date_eth_usd,10,6,2026-06-02 19:40:05,2026-06-03 19:35:43,46863181,0x7ddb6db404da5c3fef65fcb24c2dab093b366a522b98407c003c2b436e10c8d4
2026-06-02 19:37:21,731,Degen Dog #731,https://api.degendogs.club/images/731.png,https://degendogs.club/#dog731,https://opensea.io/item/base/0x09154248ffdbaf8aa877ae8a4bf8ce1503596428/731,Background: Halo; Body: White; Neck: RedCollar; Mouth: None; Ears: Earbuds; Head: Hoodie; Eyes: RedLaserEyes,Background: Halo (9.7%); Body: White (11.4%); Neck: RedCollar (30.7%); Mouth: None (68.6%); Ears: Earbuds (32.2%); Head: Hoodie (4.8%); Eyes: RedLaserEyes (5.2%),#79/745,66.724304,0x412b7153504217b405af821bdcdc5f21c71e3cbc,@shalexvivek,https://farcaster.xyz/shalexvivek,0.04311 ETH ($86),0.04311,86.37,86.37,2003.3651516762716,2026-06-02,defillama_coin_prices,coins.llama.fi/chart/coingecko:ethereum,medium,settlement_date_eth_usd,16,10,2026-06-01 19:25:11,2026-06-02 19:29:19,46819847,0x8a398db0067b29efc0a8cb676b7d27a32e02b381d55dd275c983b6d62fe813db
2026-06-01 19:24:33,730,Degen Dog #730,https://api.degendogs.club/images/730.png,https://degendogs.club/#dog730,https://opensea.io/item/base/0x09154248ffdbaf8aa877ae8a4bf8ce1503596428/730,Background: None; Body: Orange; Neck: GoldNecklace; Mouth: Teeth; Ears: None; Head: Toque; Eyes: VRGoggles,Background: None (90.3%); Body: Orange (8.7%); Neck: GoldNecklace (19.5%); Mouth: Teeth (5.2%); Ears: None (25.4%); Head: Toque (7.1%); Eyes: VRGoggles (10.3%),#91/745,64.482745,0xa2648350f3566e4f18a9519734928d08d3ea08c4,@badadan,https://farcaster.xyz/badadan,0.01100 ETH ($22),0.011,22.05,22.05,2004.2872890970018,2026-06-01,defillama_coin_prices,coins.llama.fi/chart/coingecko:ethereum,medium,settlement_date_eth_usd,2,2,2026-05-31 19:13:33,2026-06-01 19:11:05,46776263,0xb94452d9c31d47ee4129c1043fbd00a92ead7169fb17b285b52502a2fc6b37b2
2026-05-31 19:12:29,729,Degen Dog #729,https://api.degendogs.club/images/729.png,https://degendogs.club/#dog729,https://opensea.io/item/base/0x09154248ffdbaf8aa877ae8a4bf8ce1503596428/729,Background: None; Body: Brown; Neck: None; Mouth: None; Ears: Earbuds; Head: BlackCap; Eyes: Glasses,Background: None (90.3%); Body: Brown (10.9%); Neck: None (39.9%); Mouth: None (68.6%); Ears: Earbuds (32.2%); Head: BlackCap (6.8%); Eyes: Glasses (12.6%),#595/745,39.908399,0x76d0e7a13248945ee9f808b4a472262b28778942,@0xael.eth,https://farcaster.xyz/0xael.eth,0.01000 ETH ($20),0.01,20.04,20.04,2004.2872890970018,2026-06-01,defillama_coin_prices,coins.llama.fi/chart/coingecko:ethereum,medium,nearest_settlement_date_eth_usd,1,1,2026-05-30 18:40:23,2026-05-30 18:40:23,46732701,0xab978626dd79d6e4a1f50f3dbd926b1309ca3a9f70c4134a2211a4a33fa016e8
2026-05-30 18:40:09,728,Degen Dog #728,https://api.degendogs.club/images/728.png,https://degendogs.club/#dog728,https://opensea.io/item/base/0x09154248ffdbaf8aa877ae8a4bf8ce1503596428/728,Background: None; Body: Grey; Neck: RedCollar; Mouth: None; Ears: Earbuds; Head: None; Eyes: VRGoggles,Background: None (90.3%); Body: Grey (11.5%); Neck: RedCollar (30.7%); Mouth: None (68.6%); Ears: Earbuds (32.2%); Head: None (20.4%); Eyes: VRGoggles (10.3%),#716/745,32.161782,0xffe16898fc0af80ee9bcf29d2b54a0f20f9498ad,@vaibhavmule,https://farcaster.xyz/vaibhavmule,0.01210 ETH ($24),0.0121,24.43,24.43,2019.175626778262,2026-05-30,defillama_coin_prices,coins.llama.fi/chart/coingecko:ethereum,medium,settlement_date_eth_usd,3,3,2026-05-29 18:50:47,2026-05-30 18:33:17,46688531,0xa10214d0aaaabc3ea3808e9d7f68ac72b429ac4380a04ff690e2db428d9d31f0
2026-05-29 18:38:33,727,Degen Dog #727,https://api.degendogs.club/images/727.png,https://degendogs.club/#dog727,https://opensea.io/item/base/0x09154248ffdbaf8aa877ae8a4bf8ce1503596428/727,Background: Halo; Body: RedBrown; Neck: RedCollar; Mouth: None; Ears: GoldEarring; Head: WhiteMohawk; Eyes: Sunglasses,Background: Halo (9.7%); Body: RedBrown (15.3%); Neck: RedCollar (30.7%); Mouth: None (68.6%); Ears: GoldEarring (15.3%); Head: WhiteMohawk (6.6%); Eyes: Sunglasses (14.6%),#307/745,50.167542,0xdbb811ec62338db94858ec21ef1d56b658111922,@floam,https://farcaster.xyz/floam,0.01100 ETH ($22),0.011,22.08,22.08,2007.7116820979008,2026-05-29,defillama_coin_prices,coins.llama.fi/chart/coingecko:ethereum,medium,settlement_date_eth_usd,3,3,2026-05-28 18:37:35,2026-05-29 13:51:53,46645283,0xf1ac12f56899a62ccb24f5686d1ef99245045b0b389912b2dd7b2b2dec17f34f
2026-05-28 18:36:55,726,Degen Dog #726,https://api.degendogs.club/images/726.png,https://degendogs.club/#dog726,https://opensea.io/item/base/0x09154248ffdbaf8aa877ae8a4bf8ce1503596428/726,Background: None; Body: Brown; Neck: RedCollar; Mouth: Teeth; Ears: None; Head: Headphones; Eyes: None,Background: None (90.3%); Body: Brown (10.9%); Neck: RedCollar (30.7%); Mouth: Teeth (5.2%); Ears: None (25.4%); Head: Headphones (6.3%); Eyes: None (17.9%),#138/745,58.05472,0x4119cfa20129f9ea739590ea914cdfbc0c0772cb,0x4119…72cb,https://basescan.org/address/0x4119cfa20129f9ea739590ea914cdfbc0c0772cb,0.01100 ETH ($22),0.011,22.08,22.08,2007.7116820979008,2026-05-29,defillama_coin_prices,coins.llama.fi/chart/coingecko:ethereum,medium,nearest_settlement_date_eth_usd,6,5,2026-05-27 16:11:07,2026-05-28 00:38:23,46602034,0xf9541014ebee8c7c90b9ba3bc511c9e80f167d3b0a90abc747b58ac2a07f5ee7
2026-05-27 16:10:25,725,Degen Dog #725,https://api.degendogs.club/images/725.png,https://degendogs.club/#dog725,https://opensea.io/item/base/0x09154248ffdbaf8aa877ae8a4bf8ce1503596428/725,Background: None; Body: Brown; Neck: None; Mouth: None; Ears: Earbuds; Head: StripedBeanie; Eyes: MaskSnorkel,Background: None (90.3%); Body: Brown (10.9%); Neck: None (39.9%); Mouth: None (68.6%); Ears: Earbuds (32.2%); Head: StripedBeanie (8.7%); Eyes: MaskSnorkel (9.0%),#592/745,39.955966,0xca0edb47a8c9ef04dc2368946f46fb3d7c1a3202,@skunkape,https://farcaster.xyz/skunkape,0.01100 ETH ($22),0.011,22.25,22.25,2022.5062490754037,2026-05-27,defillama_coin_prices,coins.llama.fi/chart/coingecko:ethereum,medium,settlement_date_eth_usd,2,2,2026-05-26 16:04:41,2026-05-27 01:40:49,46554439,0x7968d69d6ca67f11b3d8f57235e5b3fad4a2bd309a20026d6019e814d1768d5f
2026-05-26 16:03:59,724,Degen Dog #724,https://api.degendogs.club/images/724.png,https://degendogs.club/#dog724,https://opensea.io/item/base/0x09154248ffdbaf8aa877ae8a4bf8ce1503596428/724,Background: Halo; Body: RedBrown; Neck: RedCollar; Mouth: None; Ears: Earbuds; Head: Hoodie; Eyes: Glasses,Background: Halo (9.7%); Body: RedBrown (15.3%); Neck: RedCollar (30.7%); Mouth: None (68.6%); Ears: Earbuds (32.2%); Head: Hoodie (4.8%); Eyes: Glasses (12.6%),#230/745,53.317654,0x76d0e7a13248945ee9f808b4a472262b28778942,@0xael.eth,https://farcaster.xyz/0xael.eth,0.01000 ETH ($21),0.01,20.71,20.71,2070.833946428856,2026-05-26,defillama_coin_prices,coins.llama.fi/chart/coingecko:ethereum,medium,settlement_date_eth_usd,4,3,2026-05-24 15:46:59,2026-05-25 12:04:11,46511046,0xfedcbff43d8e3938621ee44bcf968e39d8ee22389e309e268bdb9c9a26bfe293
2026-05-24 15:30:29,723,Degen Dog #723,https://api.degendogs.club/images/723.png,https://degendogs.club/#dog723,https://opensea.io/item/base/0x09154248ffdbaf8aa877ae8a4bf8ce1503596428/723,Background: None; Body: RedBrown; Neck: GoldNecklace; Mouth: Teeth; Ears: LoopEarring; Head: BaseballCap; Eyes: Glasses,Background: None (90.3%); Body: RedBrown (15.3%); Neck: GoldNecklace (19.5%); Mouth: Teeth (5.2%); Ears: LoopEarring (27.1%); Head: BaseballCap (10.2%); Eyes: Glasses (12.6%),#231/745,53.298849,0xd722d7cef1870733a85e779ab3d306ba286c0af0,@sharas.eth,https://farcaster.xyz/sharas.eth,0.01541 ETH ($32),0.01541,32.33,32.33,2098.138643929662,2026-05-24,defillama_coin_prices,coins.llama.fi/chart/coingecko:ethereum,medium,settlement_date_eth_usd,8,6,2026-05-23 15:17:27,2026-05-24 15:09:15,46423641,0xa371adf04d31bc48732abe5be9f184ac72d723838956d3bf72d7724e1856d8ee
2026-05-23 15:10:41,722,Degen Dog #722,https://api.degendogs.club/images/722.png,https://degendogs.club/#dog722,https://opensea.io/item/base/0x09154248ffdbaf8aa877ae8a4bf8ce1503596428/722,Background: None; Body: White; Neck: RedCollar; Mouth: None; Ears: LoopEarring; Head: BlackCap; Eyes: Monocle,Background: None (90.3%); Body: White (11.4%); Neck: RedCollar (30.7%); Mouth: None (68.6%); Ears: LoopEarring (27.1%); Head: BlackCap (6.8%); Eyes: Monocle (6.7%),#360/745,47.778852,0x4119cfa20129f9ea739590ea914cdfbc0c0772cb,0x4119…72cb,https://basescan.org/address/0x4119cfa20129f9ea739590ea914cdfbc0c0772cb,0.01465 ETH ($30),0.01465,30.24,30.24,2064.3795134814013,2026-05-23,defillama_coin_prices,coins.llama.fi/chart/coingecko:ethereum,medium,settlement_date_eth_usd,5,4,2026-05-22 14:59:15,2026-05-23 14:59:05,46379847,0xb1fa0f5c9dc01718f6f75e9180396e64071dc39d305b2d70e741c1f2d4ed7b2e
2026-05-22 14:58:51,721,Degen Dog #721,https://api.degendogs.club/images/721.png,https://degendogs.club/#dog721,https://opensea.io/item/base/0x09154248ffdbaf8aa877ae8a4bf8ce1503596428/721,Background: None; Body: RedBrown; Neck: RedCollar; Mouth: None; Ears: LoopEarring; Head: RedMohawk; Eyes: None,Background: None (90.3%); Body: RedBrown (15.3%); Neck: RedCollar (30.7%); Mouth: None (68.6%); Ears: LoopEarring (27.1%); Head: RedMohawk (6.8%); Eyes: None (17.9%),#659/745,36.250738,0x3516006709b775e01b48dfb5fad355a4e793e347,@staraptor.eth,https://farcaster.xyz/staraptor.eth,0.01580 ETH ($33),0.0158,32.62,32.62,2064.3795134814013,2026-05-23,defillama_coin_prices,coins.llama.fi/chart/coingecko:ethereum,medium,nearest_settlement_date_eth_usd,4,4,2026-05-21 18:42:13,2026-05-22 00:00:29,46336292,0x6dec5c839b0277a38605e72be08b741a15e6755bf7d34adf9eb44d98b53a15e6
2026-05-21 14:58:29,720,Degen Dog #720,https://api.degendogs.club/images/720.png,https://degendogs.club/#dog720,https://opensea.io/item/base/0x09154248ffdbaf8aa877ae8a4bf8ce1503596428/720,Background: Halo; Body: White; Neck: StuddedCollar; Mouth: Teeth; Ears: LoopEarring; Head: None; Eyes: Glasses,Background: Halo (9.7%); Body: White (11.4%); Neck: StuddedCollar (9.9%); Mouth: Teeth (5.2%); Ears: LoopEarring (27.1%); Head: None (20.4%); Eyes: Glasses (12.6%),#88/745,64.797026,0x7732f594c38d4940e1076aa9f6f53065b7915953,@bitcoinvestor,https://farcaster.xyz/bitcoinvestor,0.01650 ETH ($35),0.0165,35.17,35.17,2131.694272748801,2026-05-21,defillama_coin_prices,coins.llama.fi/chart/coingecko:ethereum,medium,settlement_date_eth_usd,5,4,2026-05-20 16:38:31,2026-05-21 14:48:53,46293081,0x52383a8afa8fe46f0d5f52d73ad97a4af00f1f069ea7779227c346cb0cca4d2f
2026-05-20 14:55:15,719,Degen Dog #719,https://api.degendogs.club/images/719.png,https://degendogs.club/#dog719,https://opensea.io/item/base/0x09154248ffdbaf8aa877ae8a4bf8ce1503596428/719,Background: None; Body: Grey; Neck: RedCollar; Mouth: Teeth; Ears: LoopEarring; Head: Hoodie; Eyes: RedLaserEyes,Background: None (90.3%); Body: Grey (11.5%); Neck: RedCollar (30.7%); Mouth: Teeth (5.2%); Ears: LoopEarring (27.1%); Head: Hoodie (4.8%); Eyes: RedLaserEyes (5.2%),#38/745,75.610741,0xa2648350f3566e4f18a9519734928d08d3ea08c4,@badadan,https://farcaster.xyz/badadan,0.01952 ETH ($41),0.01952,41.18,41.18,2109.7541528236497,2026-05-20,defillama_coin_prices,coins.llama.fi/chart/coingecko:ethereum,medium,settlement_date_eth_usd,9,3,2026-05-19 14:58:21,2026-05-20 08:32:17,46249784,0x178445d9bdc61a9f8170da647829ffb162fb8c817c571cadf218eb4fdc702f23
2026-05-19 14:54:47,718,Degen Dog #718,https://api.degendogs.club/images/718.png,https://degendogs.club/#dog718,https://opensea.io/item/base/0x09154248ffdbaf8aa877ae8a4bf8ce1503596428/718,Background: None; Body: SugarSkull; Neck: GoldNecklace; Mouth: None; Ears: None; Head: Beanie; Eyes: None,Background: None (90.3%); Body: SugarSkull (6.4%); Neck: GoldNecklace (19.5%); Mouth: None (68.6%); Ears: None (25.4%); Head: Beanie (6.3%); Eyes: None (17.9%),#338/745,48.61804,0x4119cfa20129f9ea739590ea914cdfbc0c0772cb,0x4119…72cb,https://basescan.org/address/0x4119cfa20129f9ea739590ea914cdfbc0c0772cb,0.00500 ETH ($11),0.005,10.55,10.55,2109.7541528236497,2026-05-20,defillama_coin_prices,coins.llama.fi/chart/coingecko:ethereum,medium,nearest_settlement_date_eth_usd,1,1,2026-05-18 05:05:29,2026-05-18 05:05:29,46206570,0xf72b90f7c188775bce13f7b9c577d3d9aae5869e16f76e9d771ea65f62f5c0d4
2026-05-18 03:56:55,717,Degen Dog #717,https://api.degendogs.club/images/717.png,https://degendogs.club/#dog717,https://opensea.io/item/base/0x09154248ffdbaf8aa877ae8a4bf8ce1503596428/717,Background: None; Body: Brown; Neck: StuddedCollar; Mouth: None; Ears: LoopEarring; Head: StripedBeanie; Eyes: Glasses,Background: None (90.3%); Body: Brown (10.9%); Neck: StuddedCollar (9.9%); Mouth: None (68.6%); Ears: LoopEarring (27.1%); Head: StripedBeanie (8.7%); Eyes: Glasses (12.6%),#456/745,44.905197,0x3516006709b775e01b48dfb5fad355a4e793e347,@staraptor.eth,https://farcaster.xyz/staraptor.eth,0.01600 ETH ($34),0.016,34.05,34.05,2128.0002275811294,2026-05-18,defillama_coin_prices,coins.llama.fi/chart/coingecko:ethereum,medium,settlement_date_eth_usd,5,4,2026-05-17 04:01:25,2026-05-17 18:42:49,46143634,0x08d1de16badbcae190e13c02c64818c5ebbed8d8c0477f2e25884c2d5163c76e
2026-05-17 03:55:49,716,Degen Dog #716,https://api.degendogs.club/images/716.png,https://degendogs.club/#dog716,https://opensea.io/item/base/0x09154248ffdbaf8aa877ae8a4bf8ce1503596428/716,Background: None; Body: White; Neck: StuddedCollar; Mouth: Pizza; Ears: LoopEarring; Head: RedMohawk; Eyes: BlueLaserEyes,Background: None (90.3%); Body: White (11.4%); Neck: StuddedCollar (9.9%); Mouth: Pizza (10.6%); Ears: LoopEarring (27.1%); Head: RedMohawk (6.8%); Eyes: BlueLaserEyes (10.9%),#161/745,56.86313,0x71ce5605ab649d97446ef179bc2983b18ddc9a48,@cryptomill,https://farcaster.xyz/cryptomill,0.01866 ETH ($40),0.01866,39.71,39.71,2128.0002275811294,2026-05-18,defillama_coin_prices,coins.llama.fi/chart/coingecko:ethereum,medium,nearest_settlement_date_eth_usd,10,7,2026-05-16 03:53:29,2026-05-17 03:50:17,46100401,0x0f04f9cbb78bb9dc433c029ba06a701db3e63d7db661ef7f098743ff0cae59ad
2026-05-16 03:52:29,715,Degen Dog #715,https://api.degendogs.club/images/715.png,https://degendogs.club/#dog715,https://opensea.io/item/base/0x09154248ffdbaf8aa877ae8a4bf8ce1503596428/715,Background: None; Body: White; Neck: None; Mouth: None; Ears: None; Head: Toque; Eyes: EyePatch,Background: None (90.3%); Body: White (11.4%); Neck: None (39.9%); Mouth: None (68.6%); Ears: None (25.4%); Head: Toque (7.1%); Eyes: EyePatch (7.9%),#470/745,44.463554,0x84cb3b93f9a918632f05528770b5cf926396b0f4,@farcy,https://farcaster.xyz/farcy,0.01331 ETH ($30),0.01331,29.6,29.6,2223.5999584060537,2026-05-16,defillama_coin_prices,coins.llama.fi/chart/coingecko:ethereum,medium,settlement_date_eth_usd,5,3,2026-05-15 03:57:09,2026-05-16 03:40:57,46057101,0x61dc277510787cc95eeadbc246ff5eb3707494de38cc8d0aeb5a39e74df1edad
2026-05-15 03:49:25,714,Degen Dog #714,https://api.degendogs.club/images/714.png,https://degendogs.club/#dog714,https://opensea.io/item/base/0x09154248ffdbaf8aa877ae8a4bf8ce1503596428/714,Background: None; Body: White; Neck: None; Mouth: None; Ears: LoopEarring; Head: Hoodie; Eyes: Glasses,Background: None (90.3%); Body: White (11.4%); Neck: None (39.9%); Mouth: None (68.6%); Ears: LoopEarring (27.1%); Head: Hoodie (4.8%); Eyes: Glasses (12.6%),#424/745,46.146128,0x3516006709b775e01b48dfb5fad355a4e793e347,@staraptor.eth,https://farcaster.xyz/staraptor.eth,0.01300 ETH ($29),0.013,28.91,28.91,2223.5999584060537,2026-05-16,defillama_coin_prices,coins.llama.fi/chart/coingecko:ethereum,medium,nearest_settlement_date_eth_usd,9,4,2026-05-14 03:27:41,2026-05-15 03:34:29,46013809,0xb0dc5a20f656b654b21e5edb81dd96fc88d450bf52ca297dfaac3c87d1e232bc
2026-05-14 03:24:35,713,Degen Dog #713,https://api.degendogs.club/images/713.png,https://degendogs.club/#dog713,https://opensea.io/item/base/0x09154248ffdbaf8aa877ae8a4bf8ce1503596428/713,Background: Halo; Body: Black; Neck: GoldNecklace; Mouth: None; Ears: None; Head: RedMohawk; Eyes: 3DGlasses,Background: Halo (9.7%); Body: Black (11.4%); Neck: GoldNecklace (19.5%); Mouth: None (68.6%); Ears: None (25.4%); Head: RedMohawk (6.8%); Eyes: 3DGlasses (4.8%),#86/745,64.951871,0xa2648350f3566e4f18a9519734928d08d3ea08c4,@badadan,https://farcaster.xyz/badadan,0.01612 ETH ($36),0.01612,36.39,36.39,2257.6174078238405,2026-05-14,defillama_coin_prices,coins.llama.fi/chart/coingecko:ethereum,medium,settlement_date_eth_usd,7,5,2026-05-13 06:02:17,2026-05-14 03:19:07,45969864,0xe28e75e1994b7d1c090def0c0b74619b252c76b89dec36adfafd851e96f65e45
2026-05-13 03:16:01,712,Degen Dog #712,https://api.degendogs.club/images/712.png,https://degendogs.club/#dog712,https://opensea.io/item/base/0x09154248ffdbaf8aa877ae8a4bf8ce1503596428/712,Background: None; Body: Black; Neck: RedCollar; Mouth: None; Ears: Earbuds; Head: Unicorn; Eyes: Glasses,Background: None (90.3%); Body: Black (11.4%); Neck: RedCollar (30.7%); Mouth: None (68.6%); Ears: Earbuds (32.2%); Head: Unicorn (4.7%); Eyes: Glasses (12.6%),#398/745,46.898303,0x60fb37f0b204ef8df48793cbb5991a2422c9f205,@oxygen2,https://farcaster.xyz/oxygen2,0.01331 ETH ($30),0.01331,30.28,30.28,2274.643164858102,2026-05-13,defillama_coin_prices,coins.llama.fi/chart/coingecko:ethereum,medium,settlement_date_eth_usd,5,4,2026-05-12 03:57:07,2026-05-13 03:10:39,45926407,0x67b9ab34a91f77fdf079362f5ef0eed2a5503b1ff24a2085d206bfc0c35be8e4
2026-05-12 03:13:03,711,Degen Dog #711,https://api.degendogs.club/images/711.png,https://degendogs.club/#dog711,https://opensea.io/item/base/0x09154248ffdbaf8aa877ae8a4bf8ce1503596428/711,Background: None; Body: Brown; Neck: None; Mouth: Tongue; Ears: LoopEarring; Head: BaseballCap; Eyes: Sunglasses,Background: None (90.3%); Body: Brown (10.9%); Neck: None (39.9%); Mouth: Tongue (9.7%); Ears: LoopEarring (27.1%); Head: BaseballCap (10.2%); Eyes: Sunglasses (14.6%),#497/745,43.485767,0xea89fa73f8e6283c37a72267290bc7829464893f,@zenonseeker,https://farcaster.xyz/zenonseeker,0.01210 ETH ($28),0.0121,28.31,28.31,2339.603401986634,2026-05-11,defillama_coin_prices,coins.llama.fi/chart/coingecko:ethereum,medium,nearest_settlement_date_eth_usd,4,4,2026-05-11 03:33:19,2026-05-12 00:55:29,45883118,0xb795a62203ccc169e59931a1c0a3a23b88a607046413d8d06d69d013494ca4b4
2026-05-11 03:12:43,710,Degen Dog #710,https://api.degendogs.club/images/710.png,https://degendogs.club/#dog710,https://opensea.io/item/base/0x09154248ffdbaf8aa877ae8a4bf8ce1503596428/710,Background: None; Body: Brown; Neck: None; Mouth: Teeth; Ears: Earbuds; Head: None; Eyes: Glasses,Background: None (90.3%); Body: Brown (10.9%); Neck: None (39.9%); Mouth: Teeth (5.2%); Ears: Earbuds (32.2%); Head: None (20.4%); Eyes: Glasses (12.6%),#357/745,47.846511,0x1fb17e93ca83a21c517841f8a6fda27fa8eb11f0,@schlemiel,https://farcaster.xyz/schlemiel,0.01091 ETH ($26),0.01091,25.53,25.53,2339.603401986634,2026-05-11,defillama_coin_prices,coins.llama.fi/chart/coingecko:ethereum,medium,settlement_date_eth_usd,6,3,2026-05-10 03:15:41,2026-05-11 02:16:35,45839908,0x948f1c73103f0af14e50dc3f68050f20b3dcae2f383cdf259d22553b3cbfda2c
2026-05-10 03:11:49,709,Degen Dog #709,https://api.degendogs.club/images/709.png,https://degendogs.club/#dog709,https://opensea.io/item/base/0x09154248ffdbaf8aa877ae8a4bf8ce1503596428/709,Background: None; Body: Blue; Neck: StuddedCollar; Mouth: Tongue; Ears: None; Head: StripedBeanie; Eyes: VRGoggles,Background: None (90.3%); Body: Blue (9.1%); Neck: StuddedCollar (9.9%); Mouth: Tongue (9.7%); Ears: None (25.4%); Head: StripedBeanie (8.7%); Eyes: VRGoggles (10.3%),#146/745,57.556318,0xffe16898fc0af80ee9bcf29d2b54a0f20f9498ad,@vaibhavmule,https://farcaster.xyz/vaibhavmule,0.02430 ETH ($57),0.0243,56.53,56.53,2326.4573018792307,2026-05-10,defillama_coin_prices,coins.llama.fi/chart/coingecko:ethereum,medium,settlement_date_eth_usd,23,8,2026-05-09 03:03:05,2026-05-10 03:05:27,45796681,0x40909440b3b04e35dc90fdec05959d1c8b98683b9c168f02c04cef887d0cb4d9
2026-05-09 03:01:09,708,Degen Dog #708,https://api.degendogs.club/images/708.png,https://degendogs.club/#dog708,https://opensea.io/item/base/0x09154248ffdbaf8aa877ae8a4bf8ce1503596428/708,Background: None; Body: White; Neck: RedCollar; Mouth: Tongue; Ears: None; Head: Headphones; Eyes: Glasses,Background: None (90.3%); Body: White (11.4%); Neck: RedCollar (30.7%); Mouth: Tongue (9.7%); Ears: None (25.4%); Head: Headphones (6.3%); Eyes: Glasses (12.6%),#278/745,51.190582,0xca0edb47a8c9ef04dc2368946f46fb3d7c1a3202,@skunkape,https://farcaster.xyz/skunkape,0.02400 ETH ($55),0.024,55.36,55.36,2306.826936474489,2026-05-09,defillama_coin_prices,coins.llama.fi/chart/coingecko:ethereum,medium,settlement_date_eth_usd,4,4,2026-05-08 03:02:37,2026-05-08 22:42:29,45753161,0x609ad0852601c9176503eb49b45a4b473fe126be2dd5fcdd8a36892d50ddef39
2026-05-08 03:00:45,707,Degen Dog #707,https://api.degendogs.club/images/707.png,https://degendogs.club/#dog707,https://opensea.io/item/base/0x09154248ffdbaf8aa877ae8a4bf8ce1503596428/707,Background: None; Body: Rainbow; Neck: RedCollar; Mouth: None; Ears: GoldEarring; Head: WhiteMohawk; Eyes: None,Background: None (90.3%); Body: Rainbow (4.4%); Neck: RedCollar (30.7%); Mouth: None (68.6%); Ears: GoldEarring (15.3%); Head: WhiteMohawk (6.6%); Eyes: None (17.9%),#177/745,55.734615,0xee2bb96a633e50de9cbc8b4229b07cef9a008852,@kidmyr.eth,https://farcaster.xyz/kidmyr.eth,0.03300 ETH ($76),0.033,76.13,76.13,2306.826936474489,2026-05-09,defillama_coin_prices,coins.llama.fi/chart/coingecko:ethereum,medium,nearest_settlement_date_eth_usd,13,8,2026-05-07 02:55:09,2026-05-08 02:53:37,45709949,0x4f993befa02edf6b162e16c8e854f3264ae5ce2d29a8bbac63fa71dd34304206
2026-05-07 02:53:49,706,Degen Dog #706,https://api.degendogs.club/images/706.png,https://degendogs.club/#dog706,https://opensea.io/item/base/0x09154248ffdbaf8aa877ae8a4bf8ce1503596428/706,Background: None; Body: RedBrown; Neck: RedCollar; Mouth: Teeth; Ears: LoopEarring; Head: PartyHat; Eyes: Sunglasses,Background: None (90.3%); Body: RedBrown (15.3%); Neck: RedCollar (30.7%); Mouth: Teeth (5.2%); Ears: LoopEarring (27.1%); Head: PartyHat (4.4%); Eyes: Sunglasses (14.6%),#100/745,63.096649,0x412b7153504217b405af821bdcdc5f21c71e3cbc,@shalexvivek,https://farcaster.xyz/shalexvivek,0.02265 ETH ($53),0.02265,53.24,53.24,2350.634151936807,2026-05-07,defillama_coin_prices,coins.llama.fi/chart/coingecko:ethereum,medium,settlement_date_eth_usd,4,2,2026-05-05 23:04:35,2026-05-06 21:18:43,45666541,0x17183e1f5b1bc223a36cd7c49bf2ad98bd150ed9f0f3ce8e6b7714c34b462504
2026-05-05 22:35:57,705,Degen Dog #705,https://api.degendogs.club/images/705.png,https://degendogs.club/#dog705,https://opensea.io/item/base/0x09154248ffdbaf8aa877ae8a4bf8ce1503596428/705,Background: None; Body: Brown; Neck: None; Mouth: None; Ears: GoldEarring; Head: RedMohawk; Eyes: None,Background: None (90.3%); Body: Brown (10.9%); Neck: None (39.9%); Mouth: None (68.6%); Ears: GoldEarring (15.3%); Head: RedMohawk (6.8%); Eyes: None (17.9%),#562/745,41.015292,0xca0edb47a8c9ef04dc2368946f46fb3d7c1a3202,@skunkape,https://farcaster.xyz/skunkape,0.02148 ETH ($50),0.02148,50.4,50.4,2346.3362606872515,2026-05-05,defillama_coin_prices,coins.llama.fi/chart/coingecko:ethereum,medium,settlement_date_eth_usd,25,10,2026-05-04 22:57:23,2026-05-05 22:30:31,45615605,0x42aadc77b04786b46aecc25a1ec2454944e5f58e53693d643cbe31ab1c4a3971
2026-05-04 22:32:33,704,Degen Dog #704,https://api.degendogs.club/images/704.png,https://degendogs.club/#dog704,https://opensea.io/item/base/0x09154248ffdbaf8aa877ae8a4bf8ce1503596428/704,Background: None; Body: Dalmation; Neck: RedCollar; Mouth: None; Ears: None; Head: StripedBeanie; Eyes: Monocle,Background: None (90.3%); Body: Dalmation (9.5%); Neck: RedCollar (30.7%); Mouth: None (68.6%); Ears: None (25.4%); Head: StripedBeanie (8.7%); Eyes: Monocle (6.7%),#409/745,46.61448,0xfe1180d8515c8700b933ee9a4ba6a98bc1a9b5ae,@britomartis,https://farcaster.xyz/britomartis,0.02860 ETH ($66),0.0286,66.41,66.41,2322.098013189142,2026-05-04,defillama_coin_prices,coins.llama.fi/chart/coingecko:ethereum,medium,settlement_date_eth_usd,5,3,2026-05-03 22:44:47,2026-05-04 21:42:11,45572303,0xd636b6e8420b7614437af465a74d48b83deff76da29cf05f729b447192a9defe
2026-05-03 22:32:07,703,Degen Dog #703,https://api.degendogs.club/images/703.png,https://degendogs.club/#dog703,https://opensea.io/item/base/0x09154248ffdbaf8aa877ae8a4bf8ce1503596428/703,Background: Halo; Body: Dalmation; Neck: None; Mouth: Coin; Ears: None; Head: BlackCap; Eyes: MaskSnorkel,Background: Halo (9.7%); Body: Dalmation (9.5%); Neck: None (39.9%); Mouth: Coin (3.1%); Ears: None (25.4%); Head: BlackCap (6.8%); Eyes: MaskSnorkel (9.0%),#21/745,85.408947,0x43f8c3e0c0ab23f0a8660f3ea3ce1a7016f96a33,@ajrony,https://farcaster.xyz/ajrony,0.02486 ETH ($58),0.02486,57.59,57.59,2316.4586335961117,2026-05-03,defillama_coin_prices,coins.llama.fi/chart/coingecko:ethereum,medium,settlement_date_eth_usd,7,6,2026-05-02 22:25:15,2026-05-03 22:16:57,45529090,0x581eef048d77317186446342d285033b86aed31249dab94c9dcf881b807a4a46
2026-05-02 22:24:13,702,Degen Dog #702,https://api.degendogs.club/images/702.png,https://degendogs.club/#dog702,https://opensea.io/item/base/0x09154248ffdbaf8aa877ae8a4bf8ce1503596428/702,Background: None; Body: Dalmation; Neck: None; Mouth: None; Ears: None; Head: None; Eyes: VRGoggles,Background: None (90.3%); Body: Dalmation (9.5%); Neck: None (39.9%); Mouth: None (68.6%); Ears: None (25.4%); Head: None (20.4%); Eyes: VRGoggles (10.3%),#691/745,34.084724,0x8e5caf3f39b83dbc7663f7fc2b929e21d55482af,@dl39,https://farcaster.xyz/dl39,0.02645 ETH ($61),0.02645,61.27,61.27,2316.4586335961117,2026-05-03,defillama_coin_prices,coins.llama.fi/chart/coingecko:ethereum,medium,nearest_settlement_date_eth_usd,9,4,2026-05-02 02:23:37,2026-05-02 22:19:01,45485653,0x74276d032ef740c74187f00ba5afc17492f6cf79bc048f18eef69c4f8dedb40b
2026-05-01 22:13:11,701,Degen Dog #701,https://api.degendogs.club/images/701.png,https://degendogs.club/#dog701,https://opensea.io/item/base/0x09154248ffdbaf8aa877ae8a4bf8ce1503596428/701,Background: Halo; Body: Dalmation; Neck: RedCollar; Mouth: Coin; Ears: Earbuds; Head: Toque; Eyes: Glasses,Background: Halo (9.7%); Body: Dalmation (9.5%); Neck: RedCollar (30.7%); Mouth: Coin (3.1%); Ears: Earbuds (32.2%); Head: Toque (7.1%); Eyes: Glasses (12.6%),#25/745,81.571062,0xa2648350f3566e4f18a9519734928d08d3ea08c4,@badadan,https://farcaster.xyz/badadan,0.02926 ETH ($67),0.02926,67.14,67.14,2294.6636890449554,2026-05-01,defillama_coin_prices,coins.llama.fi/chart/coingecko:ethereum,medium,settlement_date_eth_usd,10,4,2026-04-30 22:05:15,2026-05-01 22:07:55,45442122,0xf6cb06c6828ae89f992113f98ef4f1da3e29ac15d014c3080fe366935e24744f
2026-04-30 22:04:21,700,Degen Dog #700,https://api.degendogs.club/images/700.png,https://degendogs.club/#dog700,https://opensea.io/item/base/0x09154248ffdbaf8aa877ae8a4bf8ce1503596428/700,Background: Halo; Body: RedBrown; Neck: None; Mouth: None; Ears: LoopEarring; Head: None; Eyes: Glasses,Background: Halo (9.7%); Body: RedBrown (15.3%); Neck: None (39.9%); Mouth: None (68.6%); Ears: LoopEarring (27.1%); Head: None (20.4%); Eyes: Glasses (12.6%),#644/745,37.36362,0x46e9beef5dc68dff095eca56dadf90247f1af7ef,@stemo.eth,https://farcaster.xyz/stemo.eth,0.02483 ETH ($56),0.02483,56.02,56.02,2255.980291785015,2026-04-30,defillama_coin_prices,coins.llama.fi/chart/coingecko:ethereum,medium,settlement_date_eth_usd,7,3,2026-04-29 21:54:47,2026-04-30 21:59:03,45398657,0x56079d3c7b12faa1b68f31934f6129b9a4d0e9ce7facef18ca35946b7d29f467
2026-04-29 21:54:23,699,Degen Dog #699,https://api.degendogs.club/images/699.png,https://degendogs.club/#dog699,https://opensea.io/item/base/0x09154248ffdbaf8aa877ae8a4bf8ce1503596428/699,Background: None; Body: Brown; Neck: RedCollar; Mouth: None; Ears: Earbuds; Head: BaseballCap; Eyes: Glasses,Background: None (90.3%); Body: Brown (10.9%); Neck: RedCollar (30.7%); Mouth: None (68.6%); Ears: Earbuds (32.2%); Head: BaseballCap (10.2%); Eyes: Glasses (12.6%),#669/745,35.848045,0xd29c790466675153a50df7860b9efdb689a21cde,@thec1,https://farcaster.xyz/thec1,0.02839 ETH ($64),0.02839,63.98,63.98,2253.4583579638706,2026-04-29,defillama_coin_prices,coins.llama.fi/chart/coingecko:ethereum,medium,settlement_date_eth_usd,10,6,2026-04-28 21:40:35,2026-04-29 21:49:01,45355158,0xcc5516a3968ec3a1197aa6aabe5652626078ea38a83c2dab40fa3d962e03d77b
2026-04-28 21:39:57,698,Degen Dog #698,https://api.degendogs.club/images/698.png,https://degendogs.club/#dog698,https://opensea.io/item/base/0x09154248ffdbaf8aa877ae8a4bf8ce1503596428/698,Background: None; Body: Orange; Neck: RedCollar; Mouth: Pizza; Ears: None; Head: Unicorn; Eyes: Monocle,Background: None (90.3%); Body: Orange (8.7%); Neck: RedCollar (30.7%); Mouth: Pizza (10.6%); Ears: None (25.4%); Head: Unicorn (4.7%); Eyes: Monocle (6.7%),#85/745,65.37969,0x50eac8369154231a7ca59a73ccaf1131e7904d4b,@melinoe,https://farcaster.xyz/melinoe,0.02398 ETH ($55),0.02398,55.23,55.23,2303.324200998658,2026-04-28,defillama_coin_prices,coins.llama.fi/chart/coingecko:ethereum,medium,settlement_date_eth_usd,6,5,2026-04-27 21:34:33,2026-04-28 21:33:57,45311525,0x37ec09dda56b77b119e82289ba3ece931b95677d0ece7099cf3c3b4ef2217acb
2026-04-27 21:34:17,697,Degen Dog #697,https://api.degendogs.club/images/697.png,https://degendogs.club/#dog697,https://opensea.io/item/base/0x09154248ffdbaf8aa877ae8a4bf8ce1503596428/697,Background: None; Body: Dalmation; Neck: RedCollar; Mouth: Pizza; Ears: None; Head: None; Eyes: BlueLaserEyes,Background: None (90.3%); Body: Dalmation (9.5%); Neck: RedCollar (30.7%); Mouth: Pizza (10.6%); Ears: None (25.4%); Head: None (20.4%); Eyes: BlueLaserEyes (10.9%),#523/745,42.324242,0x398acdc97722f3f0415861359e74bdcd10e41130,@acion,https://farcaster.xyz/acion,0.02785 ETH ($64),0.02785,64.15,64.15,2303.324200998658,2026-04-28,defillama_coin_prices,coins.llama.fi/chart/coingecko:ethereum,medium,nearest_settlement_date_eth_usd,6,4,2026-04-26 21:34:15,2026-04-27 20:51:09,45268155,0x1bf99e1c9fee3abb19c83bd12bb7c2ea2ac398ed81749239f75dfb410d5c58cb
2026-04-26 21:34:01,696,Degen Dog #696,https://api.degendogs.club/images/696.png,https://degendogs.club/#dog696,https://opensea.io/item/base/0x09154248ffdbaf8aa877ae8a4bf8ce1503596428/696,Background: None; Body: RedBrown; Neck: RedCollar; Mouth: None; Ears: None; Head: BlackCap; Eyes: None,Background: None (90.3%); Body: RedBrown (15.3%); Neck: RedCollar (30.7%); Mouth: None (68.6%); Ears: None (25.4%); Head: BlackCap (6.8%); Eyes: None (17.9%),#656/745,36.504418,0xd722d7cef1870733a85e779ab3d306ba286c0af0,@sharas.eth,https://farcaster.xyz/sharas.eth,0.03371 ETH ($78),0.03371,78.18,78.18,2319.1505889231266,2026-04-26,defillama_coin_prices,coins.llama.fi/chart/coingecko:ethereum,medium,settlement_date_eth_usd,6,4,2026-04-25 21:35:25,2026-04-26 21:28:45,45224947,0x336a93c0317990ca9c234e81e86e5c98e3fc043c69838f8b6ead0df7107d0509
2026-04-25 21:29:01,695,Degen Dog #695,https://api.degendogs.club/images/695.png,https://degendogs.club/#dog695,https://opensea.io/item/base/0x09154248ffdbaf8aa877ae8a4bf8ce1503596428/695,Background: None; Body: RedBrown; Neck: GoldNecklace; Mouth: Tongue; Ears: LoopEarring; Head: Beanie; Eyes: Glasses,Background: None (90.3%); Body: RedBrown (15.3%); Neck: GoldNecklace (19.5%); Mouth: Tongue (9.7%); Ears: LoopEarring (27.1%); Head: Beanie (6.3%); Eyes: Glasses (12.6%),#292/745,50.591939,0xc421401af43d217d8bf16f18ffd076f3c84219d9,@vorcha,https://farcaster.xyz/vorcha,0.03170 ETH ($74),0.0317,73.52,73.52,2319.1505889231266,2026-04-26,defillama_coin_prices,coins.llama.fi/chart/coingecko:ethereum,medium,nearest_settlement_date_eth_usd,5,4,2026-04-24 21:27:31,2026-04-25 21:23:49,45181597,0x6069b5518ed83b759e71a01ae282ee88004b87ba27020ba6ac68b367bbdf2d40
2026-04-24 21:25:03,694,Degen Dog #694,https://api.degendogs.club/images/694.png,https://degendogs.club/#dog694,https://opensea.io/item/base/0x09154248ffdbaf8aa877ae8a4bf8ce1503596428/694,Background: None; Body: Brown; Neck: StuddedCollar; Mouth: None; Ears: Earbuds; Head: StripedBeanie; Eyes: BlueLaserEyes,Background: None (90.3%); Body: Brown (10.9%); Neck: StuddedCollar (9.9%); Mouth: None (68.6%); Ears: Earbuds (32.2%); Head: StripedBeanie (8.7%); Eyes: BlueLaserEyes (10.9%),#434/745,45.593244,0x76d0e7a13248945ee9f808b4a472262b28778942,@0xael.eth,https://farcaster.xyz/0xael.eth,0.02694 ETH ($62),0.02694,62.38,62.38,2315.512435446713,2026-04-24,defillama_coin_prices,coins.llama.fi/chart/coingecko:ethereum,medium,settlement_date_eth_usd,3,3,2026-04-23 21:18:59,2026-04-23 21:42:57,45138278,0x5d8b790f91cb7549b75e110941f8c1ebffcf349b88a73bc8bad5857a0c7f55bf
2026-04-23 21:17:53,693,Degen Dog #693,https://api.degendogs.club/images/693.png,https://degendogs.club/#dog693,https://opensea.io/item/base/0x09154248ffdbaf8aa877ae8a4bf8ce1503596428/693,Background: Halo; Body: Grey; Neck: RedCollar; Mouth: None; Ears: Earbuds; Head: None; Eyes: EyePatch,Background: Halo (9.7%); Body: Grey (11.5%); Neck: RedCollar (30.7%); Mouth: None (68.6%); Ears: Earbuds (32.2%); Head: None (20.4%); Eyes: EyePatch (7.9%),#476/745,44.353815,0xf4e1b8577a9b1eafa6058c873531441697393b54,@maraudergo,https://farcaster.xyz/maraudergo,0.02482 ETH ($59),0.02482,58.97,58.97,2375.7666715287,2026-04-23,defillama_coin_prices,coins.llama.fi/chart/coingecko:ethereum,medium,settlement_date_eth_usd,6,5,2026-04-22 21:21:47,2026-04-23 20:55:29,45094863,0x3f59db9b231b7b953114fe28a6897dc5a7f95ba3c26938c12019b83b9558176b
2026-04-22 21:16:17,692,Degen Dog #692,https://api.degendogs.club/images/692.png,https://degendogs.club/#dog692,https://opensea.io/item/base/0x09154248ffdbaf8aa877ae8a4bf8ce1503596428/692,Background: None; Body: Grey; Neck: RedCollar; Mouth: None; Ears: LoopEarring; Head: RedMohawk; Eyes: RedLaserEyes,Background: None (90.3%); Body: Grey (11.5%); Neck: RedCollar (30.7%); Mouth: None (68.6%); Ears: LoopEarring (27.1%); Head: RedMohawk (6.8%); Eyes: RedLaserEyes (5.2%),#260/745,51.879501,0xffa73032fc023cbc21334d15d19854294f8e64db,@keldon,https://farcaster.xyz/keldon,0.02254 ETH ($52),0.02254,52.46,52.46,2327.520221132822,2026-04-22,defillama_coin_prices,coins.llama.fi/chart/coingecko:ethereum,medium,settlement_date_eth_usd,4,4,2026-04-21 21:13:43,2026-04-22 21:11:05,45051615,0xc75b534c180f6b865913845d2781927915550252d30bf1542ed3426bca0531c8
2026-04-21 21:12:35,691,Degen Dog #691,https://api.degendogs.club/images/691.png,https://degendogs.club/#dog691,https://opensea.io/item/base/0x09154248ffdbaf8aa877ae8a4bf8ce1503596428/691,Background: None; Body: RedBrown; Neck: RedCollar; Mouth: None; Ears: LoopEarring; Head: CrazyHair; Eyes: Glasses,Background: None (90.3%); Body: RedBrown (15.3%); Neck: RedCollar (30.7%); Mouth: None (68.6%); Ears: LoopEarring (27.1%); Head: CrazyHair (6.6%); Eyes: Glasses (12.6%),#605/745,39.171004,0x23d660548cd61432537592dcea15b059605c9242,@kenshiking.eth,https://farcaster.xyz/kenshiking.eth,0.02479 ETH ($58),0.02479,57.7,57.7,2327.520221132822,2026-04-22,defillama_coin_prices,coins.llama.fi/chart/coingecko:ethereum,medium,nearest_settlement_date_eth_usd,5,3,2026-04-20 20:58:51,2026-04-21 14:18:35,45008304,0x27f8defacfefa4c153d4a58801a7deb02bdb9ae1258cbd1e82f28c3c9301975b
2026-04-20 20:57:53,690,Degen Dog #690,https://api.degendogs.club/images/690.png,https://degendogs.club/#dog690,https://opensea.io/item/base/0x09154248ffdbaf8aa877ae8a4bf8ce1503596428/690,Background: None; Body: Black; Neck: RedCollar; Mouth: None; Ears: Earbuds; Head: RedMohawk; Eyes: Monocle,Background: None (90.3%); Body: Black (11.4%); Neck: RedCollar (30.7%); Mouth: None (68.6%); Ears: Earbuds (32.2%); Head: RedMohawk (6.8%); Eyes: Monocle (6.7%),#384/745,47.1949,0xffa73032fc023cbc21334d15d19854294f8e64db,@keldon,https://farcaster.xyz/keldon,0.03255 ETH ($75),0.03255,75.35,75.35,2315.024147296644,2026-04-20,defillama_coin_prices,coins.llama.fi/chart/coingecko:ethereum,medium,settlement_date_eth_usd,4,4,2026-04-19 20:57:55,2026-04-20 20:27:55,44964663,0xa35d7bb44dd2f6ee9b8e3eed1a2cae5e0f874f27149e208de8c1fe5c93b24de1
2026-04-19 20:57:39,689,Degen Dog #689,https://api.degendogs.club/images/689.png,https://degendogs.club/#dog689,https://opensea.io/item/base/0x09154248ffdbaf8aa877ae8a4bf8ce1503596428/689,Background: None; Body: SugarSkull; Neck: None; Mouth: None; Ears: GoldEarring; Head: Beanie; Eyes: None,Background: None (90.3%); Body: SugarSkull (6.4%); Neck: None (39.9%); Mouth: None (68.6%); Ears: GoldEarring (15.3%); Head: Beanie (6.3%); Eyes: None (17.9%),#340/745,48.581815,0xca0edb47a8c9ef04dc2368946f46fb3d7c1a3202,@skunkape,https://farcaster.xyz/skunkape,0.02874 ETH ($68),0.02874,67.57,67.57,2350.9352469799255,2026-04-19,defillama_coin_prices,coins.llama.fi/chart/coingecko:ethereum,medium,settlement_date_eth_usd,5,4,2026-04-18 21:03:19,2026-04-18 23:53:35,44921456,0x7885961e48b4af70b01fc46cdad31afafa9b3f0ebe8fa3e7bd8bee1005f44fe0
2026-04-18 20:57:29,688,Degen Dog #688,https://api.degendogs.club/images/688.png,https://degendogs.club/#dog688,https://opensea.io/item/base/0x09154248ffdbaf8aa877ae8a4bf8ce1503596428/688,Background: None; Body: Blue; Neck: RedCollar; Mouth: None; Ears: Earbuds; Head: None; Eyes: Glasses,Background: None (90.3%); Body: Blue (9.1%); Neck: RedCollar (30.7%); Mouth: None (68.6%); Ears: Earbuds (32.2%); Head: None (20.4%); Eyes: Glasses (12.6%),#712/745,32.705081,0xf4e1b8577a9b1eafa6058c873531441697393b54,@maraudergo,https://farcaster.xyz/maraudergo,0.02721 ETH ($64),0.02721,63.97,63.97,2350.9352469799255,2026-04-19,defillama_coin_prices,coins.llama.fi/chart/coingecko:ethereum,medium,nearest_settlement_date_eth_usd,10,8,2026-04-17 21:06:13,2026-04-18 20:51:49,44878251,0x8f9fa9d4df53aaed0e9c51a8c8d684970dfae0ee11bb9eb41812d1ddbab99ab5
2026-04-17 20:57:15,687,Degen Dog #687,https://api.degendogs.club/images/687.png,https://degendogs.club/#dog687,https://opensea.io/item/base/0x09154248ffdbaf8aa877ae8a4bf8ce1503596428/687,Background: None; Body: Brown; Neck: None; Mouth: None; Ears: GoldEarring; Head: RedMohawk; Eyes: BlueLaserEyes,Background: None (90.3%); Body: Brown (10.9%); Neck: None (39.9%); Mouth: None (68.6%); Ears: GoldEarring (15.3%); Head: RedMohawk (6.8%); Eyes: BlueLaserEyes (10.9%),#466/745,44.611319,0xc421401af43d217d8bf16f18ffd076f3c84219d9,@vorcha,https://farcaster.xyz/vorcha,0.03031 ETH ($73),0.03031,73.38,73.38,2421.00695362286,2026-04-17,defillama_coin_prices,coins.llama.fi/chart/coingecko:ethereum,medium,settlement_date_eth_usd,7,5,2026-04-16 20:50:37,2026-04-17 20:52:01,44835044,0x5e1a4ac5fb080ef4ab7ee914dc14b367344db9fa2cbd5ab663ae01337ed29865
2026-04-16 20:50:05,686,Degen Dog #686,https://api.degendogs.club/images/686.png,https://degendogs.club/#dog686,https://opensea.io/item/base/0x09154248ffdbaf8aa877ae8a4bf8ce1503596428/686,Background: None; Body: White; Neck: RedCollar; Mouth: None; Ears: None; Head: BlackCap; Eyes: Sunglasses,Background: None (90.3%); Body: White (11.4%); Neck: RedCollar (30.7%); Mouth: None (68.6%); Ears: None (25.4%); Head: BlackCap (6.8%); Eyes: Sunglasses (14.6%),#591/745,39.967395,0x398acdc97722f3f0415861359e74bdcd10e41130,@acion,https://farcaster.xyz/acion,0.03046 ETH ($72),0.03046,71.88,71.88,2359.683410161545,2026-04-16,defillama_coin_prices,coins.llama.fi/chart/coingecko:ethereum,medium,settlement_date_eth_usd,7,6,2026-04-15 20:38:55,2026-04-16 20:27:01,44791629,0x89f9c2b70d8bab48e8a485d02a91f176cd55d849e62c746676bcd9565504c7b8
2026-04-15 20:34:19,685,Degen Dog #685,https://api.degendogs.club/images/685.png,https://degendogs.club/#dog685,https://opensea.io/item/base/0x09154248ffdbaf8aa877ae8a4bf8ce1503596428/685,Background: None; Body: Black; Neck: None; Mouth: None; Ears: Earbuds; Head: PartyHat; Eyes: VRGoggles,Background: None (90.3%); Body: Black (11.4%); Neck: None (39.9%); Mouth: None (68.6%); Ears: Earbuds (32.2%); Head: PartyHat (4.4%); Eyes: VRGoggles (10.3%),#325/745,49.193282,0x86e36c9ba3c6a2542fd761bc2b4fd61a110ea6cd,@mr-r0b0t,https://farcaster.xyz/mr-r0b0t,0.03061 ETH ($72),0.03061,72.23,72.23,2359.683410161545,2026-04-16,defillama_coin_prices,coins.llama.fi/chart/coingecko:ethereum,medium,nearest_settlement_date_eth_usd,8,5,2026-04-14 20:31:15,2026-04-15 20:29:01,44747956,0x44cb3d3e9e448836e1ad645ebf5a4904090a57c9d85248bd5110f7522fd107e1
2026-04-14 20:29:23,684,Degen Dog #684,https://api.degendogs.club/images/684.png,https://degendogs.club/#dog684,https://opensea.io/item/base/0x09154248ffdbaf8aa877ae8a4bf8ce1503596428/684,Background: None; Body: Rainbow; Neck: GoldNecklace; Mouth: Pizza; Ears: Earbuds; Head: Toque; Eyes: None,Background: None (90.3%); Body: Rainbow (4.4%); Neck: GoldNecklace (19.5%); Mouth: Pizza (10.6%); Ears: Earbuds (32.2%); Head: Toque (7.1%); Eyes: None (17.9%),#110/745,61.013326,0x76d0e7a13248945ee9f808b4a472262b28778942,@0xael.eth,https://farcaster.xyz/0xael.eth,0.01684 ETH ($39),0.01684,39.12,39.12,2323.217827319875,2026-04-14,defillama_coin_prices,coins.llama.fi/chart/coingecko:ethereum,medium,settlement_date_eth_usd,1,1,2026-04-13 20:05:37,2026-04-13 20:05:37,44704608,0x65c46a3ac644b4a5ea467233570313906375e07a466529d0b5c6246794191527
2026-04-13 19:48:47,683,Degen Dog #683,https://api.degendogs.club/images/683.png,https://degendogs.club/#dog683,https://opensea.io/item/base/0x09154248ffdbaf8aa877ae8a4bf8ce1503596428/683,Background: None; Body: Blue; Neck: GoldNecklace; Mouth: Pizza; Ears: GoldEarring; Head: BlackCap; Eyes: Sunglasses,Background: None (90.3%); Body: Blue (9.1%); Neck: GoldNecklace (19.5%); Mouth: Pizza (10.6%); Ears: GoldEarring (15.3%); Head: BlackCap (6.8%); Eyes: Sunglasses (14.6%),#204/745,54.60897,0x8e5caf3f39b83dbc7663f7fc2b929e21d55482af,@dl39,https://farcaster.xyz/dl39,0.05678 ETH ($135),0.05678,134.67,134.67,2371.8632958349403,2026-04-13,defillama_coin_prices,coins.llama.fi/chart/coingecko:ethereum,medium,settlement_date_eth_usd,14,5,2026-04-12 21:44:21,2026-04-13 19:43:25,44660190,0x23428a409c5403dc8ac558571d97a4edec71e44afdfdee8150090cc884778a73
2026-04-12 19:29:41,682,Degen Dog #682,https://api.degendogs.club/images/682.png,https://degendogs.club/#dog682,https://opensea.io/item/base/0x09154248ffdbaf8aa877ae8a4bf8ce1503596428/682,Background: None; Body: Black; Neck: None; Mouth: None; Ears: LoopEarring; Head: BlackCap; Eyes: None,Background: None (90.3%); Body: Black (11.4%); Neck: None (39.9%); Mouth: None (68.6%); Ears: LoopEarring (27.1%); Head: BlackCap (6.8%); Eyes: None (17.9%),#636/745,37.735498,0xd1ab146981d50adcfe18433500e852af396ea7b1,@pare,https://farcaster.xyz/pare,0.03210 ETH ($73),0.0321,73.37,73.37,2285.5610607564386,2026-04-12,defillama_coin_prices,coins.llama.fi/chart/coingecko:ethereum,medium,settlement_date_eth_usd,4,4,2026-04-11 18:41:01,2026-04-12 18:26:19,44616417,0x9026888695a3f7580be9098668e9a15074cb8fde21f1979955aeac31805f8aa2
2026-04-11 18:31:45,681,Degen Dog #681,https://api.degendogs.club/images/681.png,https://degendogs.club/#dog681,https://opensea.io/item/base/0x09154248ffdbaf8aa877ae8a4bf8ce1503596428/681,Background: None; Body: Rainbow; Neck: None; Mouth: Coin; Ears: None; Head: StripedBeanie; Eyes: None,Background: None (90.3%); Body: Rainbow (4.4%); Neck: None (39.9%); Mouth: Coin (3.1%); Ears: None (25.4%); Head: StripedBeanie (8.7%); Eyes: None (17.9%),#27/745,79.587304,0xa2648350f3566e4f18a9519734928d08d3ea08c4,@badadan,https://farcaster.xyz/badadan,0.04314 ETH ($99),0.04314,98.6,98.6,2285.5610607564386,2026-04-12,defillama_coin_prices,coins.llama.fi/chart/coingecko:ethereum,medium,nearest_settlement_date_eth_usd,9,4,2026-04-10 18:41:49,2026-04-11 18:25:31,44571479,0xb294e26df9003b173ea526b5f8a1fc9eba27de24b56256250258c4eebb8ba608
2026-04-10 18:31:21,680,Degen Dog #680,https://api.degendogs.club/images/680.png,https://degendogs.club/#dog680,https://opensea.io/item/base/0x09154248ffdbaf8aa877ae8a4bf8ce1503596428/680,Background: Halo; Body: Grey; Neck: RedCollar; Mouth: None; Ears: Earbuds; Head: WhiteMohawk; Eyes: VRGoggles,Background: Halo (9.7%); Body: Grey (11.5%); Neck: RedCollar (30.7%); Mouth: None (68.6%); Ears: Earbuds (32.2%); Head: WhiteMohawk (6.6%); Eyes: VRGoggles (10.3%),#263/745,51.704787,0x46e9beef5dc68dff095eca56dadf90247f1af7ef,@stemo.eth,https://farcaster.xyz/stemo.eth,0.02708 ETH ($61),0.02708,60.8,60.8,2245.0457222392993,2026-04-10,defillama_coin_prices,coins.llama.fi/chart/coingecko:ethereum,medium,settlement_date_eth_usd,8,4,2026-04-09 18:23:59,2026-04-10 18:25:31,44528267,0xe26300d6ddb9edcf9b88ecfef32f4528ff232e05e61ed9e5497cfb32ac520226
2026-04-09 18:20:29,679,Degen Dog #679,https://api.degendogs.club/images/679.png,https://degendogs.club/#dog679,https://opensea.io/item/base/0x09154248ffdbaf8aa877ae8a4bf8ce1503596428/679,Background: None; Body: Black; Neck: RedCollar; Mouth: Tongue; Ears: Earbuds; Head: None; Eyes: Glasses,Background: None (90.3%); Body: Black (11.4%); Neck: RedCollar (30.7%); Mouth: Tongue (9.7%); Ears: Earbuds (32.2%); Head: None (20.4%); Eyes: Glasses (12.6%),#600/745,39.403201,0xfe1180d8515c8700b933ee9a4ba6a98bc1a9b5ae,@britomartis,https://farcaster.xyz/britomartis,0.03276 ETH ($72),0.03276,71.76,71.76,2190.503150986104,2026-04-09,defillama_coin_prices,coins.llama.fi/chart/coingecko:ethereum,medium,settlement_date_eth_usd,10,4,2026-04-08 18:24:53,2026-04-09 18:12:17,44484741,0xa84dc9788bf2a59c5d5a7de30b376e806bdc9066dd111a661bd32d45b1a8c3ab
2026-04-08 18:18:49,678,Degen Dog #678,https://api.degendogs.club/images/678.png,https://degendogs.club/#dog678,https://opensea.io/item/base/0x09154248ffdbaf8aa877ae8a4bf8ce1503596428/678,Background: None; Body: SugarSkull; Neck: RedCollar; Mouth: None; Ears: LoopEarring; Head: RedMohawk; Eyes: None,Background: None (90.3%); Body: SugarSkull (6.4%); Neck: RedCollar (30.7%); Mouth: None (68.6%); Ears: LoopEarring (27.1%); Head: RedMohawk (6.8%); Eyes: None (17.9%),#453/745,45.236483,0x833c829b5123c7af0b810a03084d5d3f0529d323,@metasalary,https://farcaster.xyz/metasalary,0.02976 ETH ($67),0.02976,66.72,66.72,2241.93896849481,2026-04-08,defillama_coin_prices,coins.llama.fi/chart/coingecko:ethereum,medium,settlement_date_eth_usd,7,5,2026-04-07 18:53:49,2026-04-08 18:13:33,44441491,0x58af0895de47e30e852342264188a66ddda922c3710cedc64071c93939ce6fa9
2026-04-07 18:12:45,677,Degen Dog #677,https://api.degendogs.club/images/677.png,https://degendogs.club/#dog677,https://opensea.io/item/base/0x09154248ffdbaf8aa877ae8a4bf8ce1503596428/677,Background: None; Body: Orange; Neck: RedCollar; Mouth: Bone; Ears: None; Head: RedMohawk; Eyes: Glasses,Background: None (90.3%); Body: Orange (8.7%); Neck: RedCollar (30.7%); Mouth: Bone (2.8%); Ears: None (25.4%); Head: RedMohawk (6.8%); Eyes: Glasses (12.6%),#32/745,77.773162,0xa2648350f3566e4f18a9519734928d08d3ea08c4,@badadan,https://farcaster.xyz/badadan,0.04358 ETH ($92),0.04358,91.86,91.86,2107.79988887167,2026-04-07,defillama_coin_prices,coins.llama.fi/chart/coingecko:ethereum,medium,settlement_date_eth_usd,15,8,2026-04-06 18:00:37,2026-04-07 18:07:25,44398109,0x2ed33ef5a3b1fa1a9c83ea896f7523984f586b1bbd1c1da44b19a8ba8ddb5644
2026-04-06 17:58:17,676,Degen Dog #676,https://api.degendogs.club/images/676.png,https://degendogs.club/#dog676,https://opensea.io/item/base/0x09154248ffdbaf8aa877ae8a4bf8ce1503596428/676,Background: None; Body: Blue; Neck: None; Mouth: Pizza; Ears: LoopEarring; Head: None; Eyes: RedLaserEyes,Background: None (90.3%); Body: Blue (9.1%); Neck: None (39.9%); Mouth: Pizza (10.6%); Ears: LoopEarring (27.1%); Head: None (20.4%); Eyes: RedLaserEyes (5.2%),#265/745,51.693662,0xd1ab146981d50adcfe18433500e852af396ea7b1,@pare,https://farcaster.xyz/pare,0.03330 ETH ($70),0.0333,70.23,70.23,2108.9988322181216,2026-04-06,defillama_coin_prices,coins.llama.fi/chart/coingecko:ethereum,medium,settlement_date_eth_usd,10,7,2026-04-05 17:50:03,2026-04-06 17:49:25,44354475,0xeea63316bc1f5653e33fcad5a41c2d3bc0501b2fd4ac3e00443e2fc05bfa5164
2026-04-05 17:48:03,675,Degen Dog #675,https://api.degendogs.club/images/675.png,https://degendogs.club/#dog675,https://opensea.io/item/base/0x09154248ffdbaf8aa877ae8a4bf8ce1503596428/675,Background: None; Body: Orange; Neck: None; Mouth: None; Ears: LoopEarring; Head: PartyHat; Eyes: Glasses,Background: None (90.3%); Body: Orange (8.7%); Neck: None (39.9%); Mouth: None (68.6%); Ears: LoopEarring (27.1%); Head: PartyHat (4.4%); Eyes: Glasses (12.6%),#289/745,50.724274,0x50eac8369154231a7ca59a73ccaf1131e7904d4b,@melinoe,https://farcaster.xyz/melinoe,0.01843 ETH ($38),0.01843,38.07,38.07,2065.5231379113093,2026-04-05,defillama_coin_prices,coins.llama.fi/chart/coingecko:ethereum,medium,settlement_date_eth_usd,2,2,2026-04-04 17:38:23,2026-04-05 09:34:23,44310968,0x206e9182e305750cf2646d99a6bdfd117ca5124760b0e722f25fdfac4f2c2602
2026-04-04 17:38:05,674,Degen Dog #674,https://api.degendogs.club/images/674.png,https://degendogs.club/#dog674,https://opensea.io/item/base/0x09154248ffdbaf8aa877ae8a4bf8ce1503596428/674,Background: None; Body: SugarSkull; Neck: None; Mouth: None; Ears: LoopEarring; Head: Unicorn; Eyes: Monocle,Background: None (90.3%); Body: SugarSkull (6.4%); Neck: None (39.9%); Mouth: None (68.6%); Ears: LoopEarring (27.1%); Head: Unicorn (4.7%); Eyes: Monocle (6.7%),#114/745,60.467993,0x84cb3b93f9a918632f05528770b5cf926396b0f4,@farcy,https://farcaster.xyz/farcy,0.02027 ETH ($42),0.02027,41.62,41.62,2053.342870746778,2026-04-04,defillama_coin_prices,coins.llama.fi/chart/coingecko:ethereum,medium,settlement_date_eth_usd,7,5,2026-04-03 17:39:29,2026-04-04 17:30:53,44267469,0x3a7f224cb830f070f06c19ddd2fc80e4661cdd7a16dc0cd66e660122ec407ac6
2026-04-03 17:32:49,673,Degen Dog #673,https://api.degendogs.club/images/673.png,https://degendogs.club/#dog673,https://opensea.io/item/base/0x09154248ffdbaf8aa877ae8a4bf8ce1503596428/673,Background: None; Body: Blue; Neck: GoldNecklace; Mouth: None; Ears: Earbuds; Head: BaseballCap; Eyes: VRGoggles,Background: None (90.3%); Body: Blue (9.1%); Neck: GoldNecklace (19.5%); Mouth: None (68.6%); Ears: Earbuds (32.2%); Head: BaseballCap (10.2%); Eyes: VRGoggles (10.3%),#557/745,41.240846,0xd1ab146981d50adcfe18433500e852af396ea7b1,@pare,https://farcaster.xyz/pare,0.03265 ETH ($67),0.03265,67.16,67.16,2056.8902960008427,2026-04-03,defillama_coin_prices,coins.llama.fi/chart/coingecko:ethereum,medium,settlement_date_eth_usd,12,9,2026-04-02 17:27:37,2026-04-03 17:27:33,44224111,0x9790f43075ae04a3710790c6a088a8ed4f262c14ddd14a24bbe90fb72bec0968
2026-04-02 17:25:23,672,Degen Dog #672,https://api.degendogs.club/images/672.png,https://degendogs.club/#dog672,https://opensea.io/item/base/0x09154248ffdbaf8aa877ae8a4bf8ce1503596428/672,Background: None; Body: SugarSkull; Neck: None; Mouth: None; Ears: GoldEarring; Head: Beanie; Eyes: VRGoggles,Background: None (90.3%); Body: SugarSkull (6.4%); Neck: None (39.9%); Mouth: None (68.6%); Ears: GoldEarring (15.3%); Head: Beanie (6.3%); Eyes: VRGoggles (10.3%),#244/745,52.655636,0xa2648350f3566e4f18a9519734928d08d3ea08c4,@badadan,https://farcaster.xyz/badadan,0.03589 ETH ($77),0.03589,76.77,76.77,2139.0577406579173,2026-04-02,defillama_coin_prices,coins.llama.fi/chart/coingecko:ethereum,medium,settlement_date_eth_usd,9,6,2026-04-01 17:30:39,2026-04-02 17:20:05,44180688,0xb02c441bd33b0b3b25e4bcfbd23755a8d62f751eba0928b2561167abeaf0a345
2026-04-01 17:14:45,671,Degen Dog #671,https://api.degendogs.club/images/671.png,https://degendogs.club/#dog671,https://opensea.io/item/base/0x09154248ffdbaf8aa877ae8a4bf8ce1503596428/671,Background: None; Body: Dalmation; Neck: RedCollar; Mouth: Pizza; Ears: LoopEarring; Head: Beanie; Eyes: BlueLaserEyes,Background: None (90.3%); Body: Dalmation (9.5%); Neck: RedCollar (30.7%); Mouth: Pizza (10.6%); Ears: LoopEarring (27.1%); Head: Beanie (6.3%); Eyes: BlueLaserEyes (10.9%),#238/745,53.02031,0xa2648350f3566e4f18a9519734928d08d3ea08c4,@badadan,https://farcaster.xyz/badadan,0.02964 ETH ($62),0.02964,62.39,62.39,2104.857989918024,2026-04-01,defillama_coin_prices,coins.llama.fi/chart/coingecko:ethereum,medium,settlement_date_eth_usd,7,5,2026-03-31 17:06:13,2026-04-01 17:09:13,44137169,0x4ef2eeb681d1bcc3e0ab3f2e1d66621bce2d06a4bfe268548af24a1cf7743f2d
2026-03-31 17:05:47,670,Degen Dog #670,https://api.degendogs.club/images/670.png,https://degendogs.club/#dog670,https://opensea.io/item/base/0x09154248ffdbaf8aa877ae8a4bf8ce1503596428/670,Background: None; Body: Blue; Neck: RedCollar; Mouth: None; Ears: GoldEarring; Head: Unicorn; Eyes: Sunglasses,Background: None (90.3%); Body: Blue (9.1%); Neck: RedCollar (30.7%); Mouth: None (68.6%); Ears: GoldEarring (15.3%); Head: Unicorn (4.7%); Eyes: Sunglasses (14.6%),#272/745,51.429731,0x76d0e7a13248945ee9f808b4a472262b28778942,@0xael.eth,https://farcaster.xyz/0xael.eth,0.02670 ETH ($54),0.0267,54.04,54.04,2023.815899600272,2026-03-31,defillama_coin_prices,coins.llama.fi/chart/coingecko:ethereum,medium,settlement_date_eth_usd,2,2,2026-03-30 17:16:35,2026-03-30 17:26:17,44093700,0x1a48be448adc549d8ad039c61549df80c7aa437f4533e17af2f5147f26c57f45
2026-03-30 17:05:35,669,Degen Dog #669,https://api.degendogs.club/images/669.png,https://degendogs.club/#dog669,https://opensea.io/item/base/0x09154248ffdbaf8aa877ae8a4bf8ce1503596428/669,Background: None; Body: Orange; Neck: RedCollar; Mouth: None; Ears: LoopEarring; Head: CrazyHair; Eyes: None,Background: None (90.3%); Body: Orange (8.7%); Neck: RedCollar (30.7%); Mouth: None (68.6%); Ears: LoopEarring (27.1%); Head: CrazyHair (6.6%); Eyes: None (17.9%),#542/745,41.773427,0x67c91318b9c38dbeb200e1539b64e5bbc930372f,@xiexi,https://farcaster.xyz/xiexi,0.04885 ETH ($97),0.04885,96.88,96.88,1983.1840806194311,2026-03-30,defillama_coin_prices,coins.llama.fi/chart/coingecko:ethereum,medium,settlement_date_eth_usd,8,6,2026-03-29 17:02:57,2026-03-30 17:00:09,44050494,0x0c4f42c88c390615b6b764d55ed78cf55f5991e8af2928febeefaf2c2129c1a0
2026-03-29 17:02:31,668,Degen Dog #668,https://api.degendogs.club/images/668.png,https://degendogs.club/#dog668,https://opensea.io/item/base/0x09154248ffdbaf8aa877ae8a4bf8ce1503596428/668,Background: None; Body: Dalmation; Neck: RedCollar; Mouth: None; Ears: GoldEarring; Head: WhiteMohawk; Eyes: Sunglasses,Background: None (90.3%); Body: Dalmation (9.5%); Neck: RedCollar (30.7%); Mouth: None (68.6%); Ears: GoldEarring (15.3%); Head: WhiteMohawk (6.6%); Eyes: Sunglasses (14.6%),#459/745,44.885174,0xd1ab146981d50adcfe18433500e852af396ea7b1,@pare,https://farcaster.xyz/pare,0.05135 ETH ($102),0.05135,102.33,102.33,1992.7680780615876,2026-03-29,defillama_coin_prices,coins.llama.fi/chart/coingecko:ethereum,medium,settlement_date_eth_usd,7,5,2026-03-28 16:56:01,2026-03-29 16:54:43,44007202,0x0e83e187c8963582324a510d59668bd3b629705972680ad823107e4811be27ab
2026-03-28 16:55:39,667,Degen Dog #667,https://api.degendogs.club/images/667.png,https://degendogs.club/#dog667,https://opensea.io/item/base/0x09154248ffdbaf8aa877ae8a4bf8ce1503596428/667,Background: None; Body: Orange; Neck: None; Mouth: None; Ears: GoldEarring; Head: Unicorn; Eyes: EyePatch,Background: None (90.3%); Body: Orange (8.7%); Neck: None (39.9%); Mouth: None (68.6%); Ears: GoldEarring (15.3%); Head: Unicorn (4.7%); Eyes: EyePatch (7.9%),#159/745,56.982786,0x2df06405772f9fe85e1771ff11baaa5d3933f457,@ashish-007,https://farcaster.xyz/ashish-007,0.03937 ETH ($78),0.03937,78.38,78.38,1990.8222830121113,2026-03-28,defillama_coin_prices,coins.llama.fi/chart/coingecko:ethereum,medium,settlement_date_eth_usd,14,6,2026-03-27 16:51:53,2026-03-28 16:41:43,43963796,0x8da47851b222b930846989b188f4ee8894fb0985292cef1295f9eaf85ea2500a
2026-03-27 16:48:45,666,Degen Dog #666,https://api.degendogs.club/images/666.png,https://degendogs.club/#dog666,https://opensea.io/item/base/0x09154248ffdbaf8aa877ae8a4bf8ce1503596428/666,Background: None; Body: Blue; Neck: GoldNecklace; Mouth: None; Ears: LoopEarring; Head: None; Eyes: None,Background: None (90.3%); Body: Blue (9.1%); Neck: GoldNecklace (19.5%); Mouth: None (68.6%); Ears: LoopEarring (27.1%); Head: None (20.4%); Eyes: None (17.9%),#708/745,32.849661,0x86e36c9ba3c6a2542fd761bc2b4fd61a110ea6cd,@mr-r0b0t,https://farcaster.xyz/mr-r0b0t,0.06100 ETH ($121),0.061,121.44,121.44,1990.8222830121113,2026-03-28,defillama_coin_prices,coins.llama.fi/chart/coingecko:ethereum,medium,nearest_settlement_date_eth_usd,16,8,2026-03-26 16:44:05,2026-03-27 16:43:19,43920389,0xb722838af9349940b31a52c458b79ba6a0748f5a56753a4f72fb4730972fc8d4
2026-03-26 16:43:27,665,Degen Dog #665,https://api.degendogs.club/images/665.png,https://degendogs.club/#dog665,https://opensea.io/item/base/0x09154248ffdbaf8aa877ae8a4bf8ce1503596428/665,Background: None; Body: SugarSkull; Neck: StuddedCollar; Mouth: None; Ears: Earbuds; Head: Beanie; Eyes: 3DGlasses,Background: None (90.3%); Body: SugarSkull (6.4%); Neck: StuddedCollar (9.9%); Mouth: None (68.6%); Ears: Earbuds (32.2%); Head: Beanie (6.3%); Eyes: 3DGlasses (4.8%),#70/745,67.802985,0x71ce5605ab649d97446ef179bc2983b18ddc9a48,@cryptomill,https://farcaster.xyz/cryptomill,0.05319 ETH ($115),0.05319,115.33,115.33,2168.2634104315107,2026-03-26,defillama_coin_prices,coins.llama.fi/chart/coingecko:ethereum,medium,settlement_date_eth_usd,15,6,2026-03-25 18:47:07,2026-03-26 16:25:13,43877030,0xc24f2ab61eb5b6e9b7e06e88d49959c910cb712d0f0d1abdd5740c8c9e3e995f
2026-03-25 16:03:21,664,Degen Dog #664,https://api.degendogs.club/images/664.png,https://degendogs.club/#dog664,https://opensea.io/item/base/0x09154248ffdbaf8aa877ae8a4bf8ce1503596428/664,Background: Halo; Body: RedBrown; Neck: None; Mouth: None; Ears: Earbuds; Head: Beanie; Eyes: Sunglasses,Background: Halo (9.7%); Body: RedBrown (15.3%); Neck: None (39.9%); Mouth: None (68.6%); Ears: Earbuds (32.2%); Head: Beanie (6.3%); Eyes: Sunglasses (14.6%),#406/745,46.638746,0x8a1721bf6127b16836c2bcd33c612765ff9f0687,@valdore,https://farcaster.xyz/valdore,0.04835 ETH ($105),0.04835,104.84,104.84,2168.2634104315107,2026-03-26,defillama_coin_prices,coins.llama.fi/chart/coingecko:ethereum,medium,nearest_settlement_date_eth_usd,10,4,2026-03-24 15:46:35,2026-03-25 15:58:07,43832627,0x7a8943e88ae94b4aedd8d48b1204e78b178f965de5c812d84a14260a91d47350
2026-03-24 15:45:53,663,Degen Dog #663,https://api.degendogs.club/images/663.png,https://degendogs.club/#dog663,https://opensea.io/item/base/0x09154248ffdbaf8aa877ae8a4bf8ce1503596428/663,Background: None; Body: Rainbow; Neck: StuddedCollar; Mouth: None; Ears: None; Head: None; Eyes: BlueLaserEyes,Background: None (90.3%); Body: Rainbow (4.4%); Neck: StuddedCollar (9.9%); Mouth: None (68.6%); Ears: None (25.4%); Head: None (20.4%); Eyes: BlueLaserEyes (10.9%),#233/745,53.24888,0xc7aab24ede583b0dc9041343ae51466bb86a1ab7,@neghvar.eth,https://farcaster.xyz/neghvar.eth,0.06052 ETH ($130),0.06052,130.46,130.46,2155.6817607237,2026-03-24,defillama_coin_prices,coins.llama.fi/chart/coingecko:ethereum,medium,settlement_date_eth_usd,3,2,2026-03-23 15:39:49,2026-03-24 15:40:31,43788903,0x3c8c5dee4707b9005b4b3c04f7f19a4b65f64727bf21943c73f322489e3be41f
2026-03-23 15:38:39,662,Degen Dog #662,https://api.degendogs.club/images/662.png,https://degendogs.club/#dog662,https://opensea.io/item/base/0x09154248ffdbaf8aa877ae8a4bf8ce1503596428/662,Background: None; Body: White; Neck: None; Mouth: Tongue; Ears: LoopEarring; Head: CrazyHair; Eyes: RedLaserEyes,Background: None (90.3%); Body: White (11.4%); Neck: None (39.9%); Mouth: Tongue (9.7%); Ears: LoopEarring (27.1%); Head: CrazyHair (6.6%); Eyes: RedLaserEyes (5.2%),#112/745,60.722094,0xd29c790466675153a50df7860b9efdb689a21cde,@thec1,https://farcaster.xyz/thec1,0.07333 ETH ($151),0.07333,150.56,150.56,2053.146584669732,2026-03-23,defillama_coin_prices,coins.llama.fi/chart/coingecko:ethereum,medium,settlement_date_eth_usd,10,3,2026-03-22 15:25:41,2026-03-23 15:31:29,43745486,0x47f030af3c3659ac62ed97ed883a4efece0c6c96b850aa472f304842fc482e52
2026-03-22 15:23:23,661,Degen Dog #661,https://api.degendogs.club/images/661.png,https://degendogs.club/#dog661,https://opensea.io/item/base/0x09154248ffdbaf8aa877ae8a4bf8ce1503596428/661,Background: None; Body: Dalmation; Neck: None; Mouth: Pizza; Ears: LoopEarring; Head: PartyHat; Eyes: None,Background: None (90.3%); Body: Dalmation (9.5%); Neck: None (39.9%); Mouth: Pizza (10.6%); Ears: LoopEarring (27.1%); Head: PartyHat (4.4%); Eyes: None (17.9%),#183/745,55.404119,0x86e36c9ba3c6a2542fd761bc2b4fd61a110ea6cd,@mr-r0b0t,https://farcaster.xyz/mr-r0b0t,0.11111 ETH ($228),0.11111,228.13,228.13,2053.146584669732,2026-03-23,defillama_coin_prices,coins.llama.fi/chart/coingecko:ethereum,medium,nearest_settlement_date_eth_usd,11,3,2026-03-21 15:10:41,2026-03-22 15:18:07,43701828,0xf3950982275da81bc9837fc00580e9128884769266cf018b58941a6bd9100a98
2026-03-21 15:10:27,660,Degen Dog #660,https://api.degendogs.club/images/660.png,https://degendogs.club/#dog660,https://opensea.io/item/base/0x09154248ffdbaf8aa877ae8a4bf8ce1503596428/660,Background: None; Body: Rainbow; Neck: None; Mouth: Pizza; Ears: Earbuds; Head: PartyHat; Eyes: None,Background: None (90.3%); Body: Rainbow (4.4%); Neck: None (39.9%); Mouth: Pizza (10.6%); Ears: Earbuds (32.2%); Head: PartyHat (4.4%); Eyes: None (17.9%),#75/745,66.902966,0x7eaa7613f4cf84a10fb1daf07472e07031ff01d4,@kumari,https://farcaster.xyz/kumari,0.12980 ETH ($279),0.1298,278.59,278.59,2146.332692493005,2026-03-21,defillama_coin_prices,coins.llama.fi/chart/coingecko:ethereum,medium,settlement_date_eth_usd,17,4,2026-03-20 14:47:05,2026-03-21 15:04:51,43658240,0x4a22213fbfeddb72fcdcf2ff895832a9416dec9cf580e2d2ba50a2d2be4426d3
2026-03-20 14:46:01,659,Degen Dog #659,https://api.degendogs.club/images/659.png,https://degendogs.club/#dog659,https://opensea.io/item/base/0x09154248ffdbaf8aa877ae8a4bf8ce1503596428/659,Background: None; Body: Black; Neck: StuddedCollar; Mouth: None; Ears: Earbuds; Head: None; Eyes: VRGoggles,Background: None (90.3%); Body: Black (11.4%); Neck: StuddedCollar (9.9%); Mouth: None (68.6%); Ears: Earbuds (32.2%); Head: None (20.4%); Eyes: VRGoggles (10.3%),#607/745,39.07799,0xad1587791ceb3bc2dc54c025911937405a9c887c,@satoshimyro.eth,https://farcaster.xyz/satoshimyro.eth,0.07324 ETH ($157),0.07324,156.55,156.55,2137.447616579375,2026-03-20,defillama_coin_prices,coins.llama.fi/chart/coingecko:ethereum,medium,settlement_date_eth_usd,19,6,2026-03-19 14:39:05,2026-03-20 14:40:49,43614307,0x098d9afeffed2a29a09f1e8b2801b1a4fbe5a552cb55aa5ea93bd05ec5993c22
2026-03-19 14:38:49,658,Degen Dog #658,https://api.degendogs.club/images/658.png,https://degendogs.club/#dog658,https://opensea.io/item/base/0x09154248ffdbaf8aa877ae8a4bf8ce1503596428/658,Background: None; Body: RedBrown; Neck: RedCollar; Mouth: None; Ears: Earbuds; Head: None; Eyes: MaskSnorkel,Background: None (90.3%); Body: RedBrown (15.3%); Neck: RedCollar (30.7%); Mouth: None (68.6%); Ears: Earbuds (32.2%); Head: None (20.4%); Eyes: MaskSnorkel (9.0%),#725/745,31.478158,0x76d0e7a13248945ee9f808b4a472262b28778942,@0xael.eth,https://farcaster.xyz/0xael.eth,0.10000 ETH ($220),0.1,220.34,220.34,2203.3806172742943,2026-03-19,defillama_coin_prices,coins.llama.fi/chart/coingecko:ethereum,medium,settlement_date_eth_usd,13,4,2026-03-18 14:32:19,2026-03-19 14:33:37,43570891,0x4b9e96283b89e2444ed4e7850a52bb235800c672ada22f58a8ce44f787f742cd
2026-03-18 14:30:45,657,Degen Dog #657,https://api.degendogs.club/images/657.png,https://degendogs.club/#dog657,https://opensea.io/item/base/0x09154248ffdbaf8aa877ae8a4bf8ce1503596428/657,Background: None; Body: Brown; Neck: GoldNecklace; Mouth: Pizza; Ears: GoldEarring; Head: None; Eyes: Glasses,Background: None (90.3%); Body: Brown (10.9%); Neck: GoldNecklace (19.5%); Mouth: Pizza (10.6%); Ears: GoldEarring (15.3%); Head: None (20.4%); Eyes: Glasses (12.6%),#478/745,44.234761,0x76d0e7a13248945ee9f808b4a472262b28778942,@0xael.eth,https://farcaster.xyz/0xael.eth,0.01000 ETH ($23),0.01,23.18,23.18,2318.1181279352977,2026-03-18,defillama_coin_prices,coins.llama.fi/chart/coingecko:ethereum,medium,settlement_date_eth_usd,2,2,2026-03-17 15:00:35,2026-03-17 15:12:17,43527449,0x8e1fa54b62e6ff566fe80e76b43970bfaf3502514bd991e18198c07a60c7a4a0
2026-03-17 14:30:27,656,Degen Dog #656,https://api.degendogs.club/images/656.png,https://degendogs.club/#dog656,https://opensea.io/item/base/0x09154248ffdbaf8aa877ae8a4bf8ce1503596428/656,Background: Halo; Body: White; Neck: None; Mouth: Pizza; Ears: Earbuds; Head: BlackCap; Eyes: None,Background: Halo (9.7%); Body: White (11.4%); Neck: None (39.9%); Mouth: Pizza (10.6%); Ears: Earbuds (32.2%); Head: BlackCap (6.8%); Eyes: None (17.9%),#207/745,54.364239,0x71ce5605ab649d97446ef179bc2983b18ddc9a48,@cryptomill,https://farcaster.xyz/cryptomill,0.01100 ETH ($26),0.011,25.86,25.86,2351.179995729523,2026-03-17,defillama_coin_prices,coins.llama.fi/chart/coingecko:ethereum,medium,settlement_date_eth_usd,3,3,2026-03-16 13:43:45,2026-03-17 13:39:49,43484240,0x0371db7306759898199507380627f0111968e18b95fb801d478acc0496580dd0
2026-03-16 13:40:37,655,Degen Dog #655,https://api.degendogs.club/images/655.png,https://degendogs.club/#dog655,https://opensea.io/item/base/0x09154248ffdbaf8aa877ae8a4bf8ce1503596428/655,Background: None; Body: Rainbow; Neck: GoldNecklace; Mouth: Bone; Ears: GoldEarring; Head: None; Eyes: MaskSnorkel,Background: None (90.3%); Body: Rainbow (4.4%); Neck: GoldNecklace (19.5%); Mouth: Bone (2.8%); Ears: GoldEarring (15.3%); Head: None (20.4%); Eyes: MaskSnorkel (9.0%),#19/745,86.852669,0xd29c790466675153a50df7860b9efdb689a21cde,@thec1,https://farcaster.xyz/thec1,0.01650 ETH ($36),0.0165,35.93,35.93,2177.721023406624,2026-03-16,defillama_coin_prices,coins.llama.fi/chart/coingecko:ethereum,medium,settlement_date_eth_usd,7,3,2026-03-15 13:55:55,2026-03-16 13:34:23,43439545,0x5164717a195822754cef96202156ad988a32c58c640fcb1ccb1d3c6e955f8dce
2026-03-15 13:40:21,654,Degen Dog #654,https://api.degendogs.club/images/654.png,https://degendogs.club/#dog654,https://opensea.io/item/base/0x09154248ffdbaf8aa877ae8a4bf8ce1503596428/654,Background: None; Body: Black; Neck: None; Mouth: None; Ears: LoopEarring; Head: BaseballCap; Eyes: None,Background: None (90.3%); Body: Black (11.4%); Neck: None (39.9%); Mouth: None (68.6%); Ears: LoopEarring (27.1%); Head: BaseballCap (10.2%); Eyes: None (17.9%),#707/745,32.930287,0x76d0e7a13248945ee9f808b4a472262b28778942,@0xael.eth,https://farcaster.xyz/0xael.eth,0.01500 ETH ($31),0.015,31.45,31.45,2096.5466573516364,2026-03-15,defillama_coin_prices,coins.llama.fi/chart/coingecko:ethereum,medium,settlement_date_eth_usd,7,3,2026-03-14 13:23:31,2026-03-15 13:07:35,43396337,0xa752e820fbcf6768af149440e5d5e89e28f3372d4325e345ecc29f8bfc3cefcd
2026-03-14 13:22:39,653,Degen Dog #653,https://api.degendogs.club/images/653.png,https://degendogs.club/#dog653,https://opensea.io/item/base/0x09154248ffdbaf8aa877ae8a4bf8ce1503596428/653,Background: None; Body: RedBrown; Neck: None; Mouth: None; Ears: None; Head: BaseballCap; Eyes: BlueLaserEyes,Background: None (90.3%); Body: RedBrown (15.3%); Neck: None (39.9%); Mouth: None (68.6%); Ears: None (25.4%); Head: BaseballCap (10.2%); Eyes: BlueLaserEyes (10.9%),#688/745,34.550376,0x76d0e7a13248945ee9f808b4a472262b28778942,@0xael.eth,https://farcaster.xyz/0xael.eth,0.01210 ETH ($25),0.0121,25.33,25.33,2092.9976557097566,2026-03-14,defillama_coin_prices,coins.llama.fi/chart/coingecko:ethereum,medium,settlement_date_eth_usd,3,2,2026-03-13 09:52:25,2026-03-14 09:28:29,43352606,0x3fa6a05c09ea415f7606574b81786bb7cad7f0a314ae1d528180f9e497c0a95b
2026-03-13 09:30:07,652,Degen Dog #652,https://api.degendogs.club/images/652.png,https://degendogs.club/#dog652,https://opensea.io/item/base/0x09154248ffdbaf8aa877ae8a4bf8ce1503596428/652,Background: None; Body: Black; Neck: None; Mouth: None; Ears: Earbuds; Head: RedMohawk; Eyes: Monocle,Background: None (90.3%); Body: Black (11.4%); Neck: None (39.9%); Mouth: None (68.6%); Ears: Earbuds (32.2%); Head: RedMohawk (6.8%); Eyes: Monocle (6.7%),#414/745,46.450042,0x76d0e7a13248945ee9f808b4a472262b28778942,@0xael.eth,https://farcaster.xyz/0xael.eth,0.02000 ETH ($41),0.02,41.46,41.46,2072.9064298311905,2026-03-13,defillama_coin_prices,coins.llama.fi/chart/coingecko:ethereum,medium,settlement_date_eth_usd,4,3,2026-03-12 15:31:15,2026-03-12 20:58:51,43302430,0x6bfa161e8f59bedd874f27e611b1e6552e2b0d049961410d15d95e031fff9205
2026-03-12 09:01:37,651,Degen Dog #651,https://api.degendogs.club/images/651.png,https://degendogs.club/#dog651,https://opensea.io/item/base/0x09154248ffdbaf8aa877ae8a4bf8ce1503596428/651,Background: None; Body: Blue; Neck: None; Mouth: None; Ears: GoldEarring; Head: BaseballCap; Eyes: Sunglasses,Background: None (90.3%); Body: Blue (9.1%); Neck: None (39.9%); Mouth: None (68.6%); Ears: GoldEarring (15.3%); Head: BaseballCap (10.2%); Eyes: Sunglasses (14.6%),#603/745,39.201791,0x71ce5605ab649d97446ef179bc2983b18ddc9a48,@cryptomill,https://farcaster.xyz/cryptomill,0.01465 ETH ($30),0.01465,30.05,30.05,2051.317452312378,2026-03-12,defillama_coin_prices,coins.llama.fi/chart/coingecko:ethereum,medium,settlement_date_eth_usd,7,4,2026-03-11 08:42:11,2026-03-12 08:26:51,43258375,0x970d1dcc155c650767147ad00a0e94c0d34baf90d2713c4ea223c16d27790b8d
2026-03-11 08:27:57,650,Degen Dog #650,https://api.degendogs.club/images/650.png,https://degendogs.club/#dog650,https://opensea.io/item/base/0x09154248ffdbaf8aa877ae8a4bf8ce1503596428/650,Background: None; Body: Dalmation; Neck: None; Mouth: None; Ears: LoopEarring; Head: StripedBeanie; Eyes: None,Background: None (90.3%); Body: Dalmation (9.5%); Neck: None (39.9%); Mouth: None (68.6%); Ears: LoopEarring (27.1%); Head: StripedBeanie (8.7%); Eyes: None (17.9%),#658/745,36.317446,0xd29c790466675153a50df7860b9efdb689a21cde,@thec1,https://farcaster.xyz/thec1,0.01100 ETH ($22),0.011,22.4,22.4,2036.4481677486033,2026-03-11,defillama_coin_prices,coins.llama.fi/chart/coingecko:ethereum,medium,settlement_date_eth_usd,4,4,2026-03-10 09:19:39,2026-03-10 20:53:01,43214165,0xb10e1c930e13020625583d420b85dc31fcb92a87666d5ab601e15af304ad1e6f
2026-03-10 08:25:23,649,Degen Dog #649,https://api.degendogs.club/images/649.png,https://degendogs.club/#dog649,https://opensea.io/item/base/0x09154248ffdbaf8aa877ae8a4bf8ce1503596428/649,Background: None; Body: Grey; Neck: RedCollar; Mouth: None; Ears: LoopEarring; Head: None; Eyes: VRGoggles,Background: None (90.3%); Body: Grey (11.5%); Neck: RedCollar (30.7%); Mouth: None (68.6%); Ears: LoopEarring (27.1%); Head: None (20.4%); Eyes: VRGoggles (10.3%),#711/745,32.745734,0xc421401af43d217d8bf16f18ffd076f3c84219d9,@vorcha,https://farcaster.xyz/vorcha,0.01798 ETH ($36),0.01798,35.83,35.83,1993.0281315584448,2026-03-10,defillama_coin_prices,coins.llama.fi/chart/coingecko:ethereum,medium,settlement_date_eth_usd,14,6,2026-03-09 08:22:23,2026-03-10 08:18:45,43170888,0xa4ea24adf6bd6a53510ea7445d9557db3c4cc8c16af45f71e1bab84ff6d6e823
2026-03-09 08:19:19,648,Degen Dog #648,https://api.degendogs.club/images/648.png,https://degendogs.club/#dog648,https://opensea.io/item/base/0x09154248ffdbaf8aa877ae8a4bf8ce1503596428/648,Background: None; Body: Rainbow; Neck: RedCollar; Mouth: Bone; Ears: Earbuds; Head: WhiteMohawk; Eyes: Monocle,Background: None (90.3%); Body: Rainbow (4.4%); Neck: RedCollar (30.7%); Mouth: Bone (2.8%); Ears: Earbuds (32.2%); Head: WhiteMohawk (6.6%); Eyes: Monocle (6.7%),#12/745,95.620455,0x46e9beef5dc68dff095eca56dadf90247f1af7ef,@stemo.eth,https://farcaster.xyz/stemo.eth,0.00988 ETH ($19),0.00988,19.13,19.13,1936.1587360063008,2026-03-09,defillama_coin_prices,coins.llama.fi/chart/coingecko:ethereum,medium,settlement_date_eth_usd,8,6,2026-03-08 10:08:09,2026-03-09 08:13:49,43127506,0xfe9b367d7fd5f2109c95d126408af2c8135469f5e399215fa84a0da302c343c1
2026-03-08 08:16:11,647,Degen Dog #647,https://api.degendogs.club/images/647.png,https://degendogs.club/#dog647,https://opensea.io/item/base/0x09154248ffdbaf8aa877ae8a4bf8ce1503596428/647,Background: None; Body: Black; Neck: None; Mouth: None; Ears: None; Head: Hoodie; Eyes: EyePatch,Background: None (90.3%); Body: Black (11.4%); Neck: None (39.9%); Mouth: None (68.6%); Ears: None (25.4%); Head: Hoodie (4.8%); Eyes: EyePatch (7.9%),#280/745,51.101395,0x8e5caf3f39b83dbc7663f7fc2b929e21d55482af,@dl39,https://farcaster.xyz/dl39,0.02103 ETH ($41),0.02103,41.42,41.42,1969.4840954022732,2026-03-08,defillama_coin_prices,coins.llama.fi/chart/coingecko:ethereum,medium,settlement_date_eth_usd,24,10,2026-03-07 08:09:39,2026-03-08 08:11:01,43084212,0xaf1c2aa8bc9b7eb7d917cf923790e1963c2b85dcddad6a720ebe3615b76533ee
2026-03-07 08:05:31,646,Degen Dog #646,https://api.degendogs.club/images/646.png,https://degendogs.club/#dog646,https://opensea.io/item/base/0x09154248ffdbaf8aa877ae8a4bf8ce1503596428/646,Background: Halo; Body: Blue; Neck: GoldNecklace; Mouth: None; Ears: LoopEarring; Head: CrazyHair; Eyes: EyePatch,Background: Halo (9.7%); Body: Blue (9.1%); Neck: GoldNecklace (19.5%); Mouth: None (68.6%); Ears: LoopEarring (27.1%); Head: CrazyHair (6.6%); Eyes: EyePatch (7.9%),#121/745,59.41828,0xc421401af43d217d8bf16f18ffd076f3c84219d9,@vorcha,https://farcaster.xyz/vorcha,0.01210 ETH ($24),0.0121,23.94,23.94,1978.4740343528076,2026-03-07,defillama_coin_prices,coins.llama.fi/chart/coingecko:ethereum,medium,settlement_date_eth_usd,11,8,2026-03-06 08:08:07,2026-03-07 08:00:19,43040692,0x67d9fcd08e312c367d1f3b22c97500ddb1a02b671f291ccb47a750f92ebfbe04
2026-03-06 08:00:27,645,Degen Dog #645,https://api.degendogs.club/images/645.png,https://degendogs.club/#dog645,https://opensea.io/item/base/0x09154248ffdbaf8aa877ae8a4bf8ce1503596428/645,Background: None; Body: White; Neck: None; Mouth: None; Ears: LoopEarring; Head: BlackCap; Eyes: RedLaserEyes,Background: None (90.3%); Body: White (11.4%); Neck: None (39.9%); Mouth: None (68.6%); Ears: LoopEarring (27.1%); Head: BlackCap (6.8%); Eyes: RedLaserEyes (5.2%),#277/745,51.236559,0x71ce5605ab649d97446ef179bc2983b18ddc9a48,@cryptomill,https://farcaster.xyz/cryptomill,0.00874 ETH ($18),0.00874,18.11,18.11,2072.2392058485575,2026-03-06,defillama_coin_prices,coins.llama.fi/chart/coingecko:ethereum,medium,settlement_date_eth_usd,11,5,2026-03-05 07:57:29,2026-03-06 07:55:11,42997340,0x79ccf924c106907b21afd71aa45495a51beb96b7da7b09ca2f94429135b55117
2026-03-05 07:56:43,644,Degen Dog #644,https://api.degendogs.club/images/644.png,https://degendogs.club/#dog644,https://opensea.io/item/base/0x09154248ffdbaf8aa877ae8a4bf8ce1503596428/644,Background: None; Body: Black; Neck: StuddedCollar; Mouth: None; Ears: LoopEarring; Head: None; Eyes: BlueLaserEyes,Background: None (90.3%); Body: Black (11.4%); Neck: StuddedCollar (9.9%); Mouth: None (68.6%); Ears: LoopEarring (27.1%); Head: None (20.4%); Eyes: BlueLaserEyes (10.9%),#604/745,39.184148,0xc421401af43d217d8bf16f18ffd076f3c84219d9,@vorcha,https://farcaster.xyz/vorcha,0.01000 ETH ($21),0.01,21.27,21.27,2127.2111120392447,2026-03-05,defillama_coin_prices,coins.llama.fi/chart/coingecko:ethereum,medium,settlement_date_eth_usd,9,6,2026-03-04 07:53:03,2026-03-05 06:57:31,42954028,0xd80d4f8c31b800ca25a9f16bbefbc583dbff527cc4d47432555cd62592b34554
2026-03-04 07:52:37,643,Degen Dog #643,https://api.degendogs.club/images/643.png,https://degendogs.club/#dog643,https://opensea.io/item/base/0x09154248ffdbaf8aa877ae8a4bf8ce1503596428/643,Background: Halo; Body: Brown; Neck: GoldNecklace; Mouth: None; Ears: None; Head: None; Eyes: None,Background: Halo (9.7%); Body: Brown (10.9%); Neck: GoldNecklace (19.5%); Mouth: None (68.6%); Ears: None (25.4%); Head: None (20.4%); Eyes: None (17.9%),#579/745,40.585228,0x045acd980764824b9eb6f312f0a2cdd9f3183503,@consta,https://farcaster.xyz/consta,0.01230 ETH ($26),0.0123,26.16,26.16,2127.2111120392447,2026-03-05,defillama_coin_prices,coins.llama.fi/chart/coingecko:ethereum,medium,nearest_settlement_date_eth_usd,4,2,2026-03-03 07:43:01,2026-03-04 03:38:31,42910705,0x98ac03e19e015a5d58848994b1bfc2d9a0efbf2a030ae5620187f5447fbd24e8
2026-03-03 07:42:23,642,Degen Dog #642,https://api.degendogs.club/images/642.png,https://degendogs.club/#dog642,https://opensea.io/item/base/0x09154248ffdbaf8aa877ae8a4bf8ce1503596428/642,Background: None; Body: Orange; Neck: None; Mouth: None; Ears: Earbuds; Head: StripedBeanie; Eyes: RedLaserEyes,Background: None (90.3%); Body: Orange (8.7%); Neck: None (39.9%); Mouth: None (68.6%); Ears: Earbuds (32.2%); Head: StripedBeanie (8.7%); Eyes: RedLaserEyes (5.2%),#306/745,50.203134,0xc421401af43d217d8bf16f18ffd076f3c84219d9,@vorcha,https://farcaster.xyz/vorcha,0.01380 ETH ($28),0.0138,27.97,27.97,2026.9342523439968,2026-03-03,defillama_coin_prices,coins.llama.fi/chart/coingecko:ethereum,medium,settlement_date_eth_usd,14,6,2026-03-02 08:04:41,2026-03-03 07:34:05,42867198,0x0cda7a5577643ce286fec661e3ac09af3bad4721427431b54b5fbd71ddbd8d16
2026-03-02 07:30:01,641,Degen Dog #641,https://api.degendogs.club/images/641.png,https://degendogs.club/#dog641,https://opensea.io/item/base/0x09154248ffdbaf8aa877ae8a4bf8ce1503596428/641,Background: None; Body: RedBrown; Neck: None; Mouth: None; Ears: GoldEarring; Head: Unicorn; Eyes: None,Background: None (90.3%); Body: RedBrown (15.3%); Neck: None (39.9%); Mouth: None (68.6%); Ears: GoldEarring (15.3%); Head: Unicorn (4.7%); Eyes: None (17.9%),#454/745,45.03072,0xbdd8f7ceae7fbfb25bd5615ad3c2608404f6bb72,@cctv1,https://farcaster.xyz/cctv1,0.00888 ETH ($17),0.00888,17.22,17.22,1939.0344536425985,2026-03-02,defillama_coin_prices,coins.llama.fi/chart/coingecko:ethereum,medium,settlement_date_eth_usd,4,3,2026-03-01 07:16:35,2026-03-02 03:01:29,42823627,0x6518c51c831f8ae06b5841c13627516cfd3422452994ecfee954bddb4eed9b6e
2026-03-01 06:59:13,640,Degen Dog #640,https://api.degendogs.club/images/640.png,https://degendogs.club/#dog640,https://opensea.io/item/base/0x09154248ffdbaf8aa877ae8a4bf8ce1503596428/640,Background: None; Body: Grey; Neck: None; Mouth: Tongue; Ears: LoopEarring; Head: Toque; Eyes: None,Background: None (90.3%); Body: Grey (11.5%); Neck: None (39.9%); Mouth: Tongue (9.7%); Ears: LoopEarring (27.1%); Head: Toque (7.1%); Eyes: None (17.9%),#427/745,45.97164,0x0b2b3483a5cedb08839e098d3d9f02d1893a20dc,@isodl,https://farcaster.xyz/isodl,0.00807 ETH ($16),0.00807,15.86,15.86,1964.7699005713935,2026-03-01,defillama_coin_prices,coins.llama.fi/chart/coingecko:ethereum,medium,settlement_date_eth_usd,7,4,2026-02-28 07:03:09,2026-03-01 06:51:15,42779503,0x744be070f74b589f7239ccc117baf6368209314ed546a47d00e18a8cd5c3d873
2026-02-28 06:55:55,639,Degen Dog #639,https://api.degendogs.club/images/639.png,https://degendogs.club/#dog639,https://opensea.io/item/base/0x09154248ffdbaf8aa877ae8a4bf8ce1503596428/639,Background: None; Body: SugarSkull; Neck: None; Mouth: None; Ears: Earbuds; Head: Beanie; Eyes: VRGoggles,Background: None (90.3%); Body: SugarSkull (6.4%); Neck: None (39.9%); Mouth: None (68.6%); Ears: Earbuds (32.2%); Head: Beanie (6.3%); Eyes: VRGoggles (10.3%),#324/745,49.224715,0xffe16898fc0af80ee9bcf29d2b54a0f20f9498ad,@vaibhavmule,https://farcaster.xyz/vaibhavmule,0.00733 ETH ($14),0.00733,14.15,14.15,1930.5846847420019,2026-02-27,defillama_coin_prices,coins.llama.fi/chart/coingecko:ethereum,medium,nearest_settlement_date_eth_usd,16,9,2026-02-27 07:33:51,2026-02-28 06:49:53,42736204,0x2f0b4dac1b201f9caf30f0f1618f44ab4143c18ee3d62ca619e2300b317522c4
2026-02-27 06:48:23,638,Degen Dog #638,https://api.degendogs.club/images/638.png,https://degendogs.club/#dog638,https://opensea.io/item/base/0x09154248ffdbaf8aa877ae8a4bf8ce1503596428/638,Background: Halo; Body: Rainbow; Neck: None; Mouth: None; Ears: GoldEarring; Head: CrazyHair; Eyes: None,Background: Halo (9.7%); Body: Rainbow (4.4%); Neck: None (39.9%); Mouth: None (68.6%); Ears: GoldEarring (15.3%); Head: CrazyHair (6.6%); Eyes: None (17.9%),#94/745,64.229996,0xbdd8f7ceae7fbfb25bd5615ad3c2608404f6bb72,@cctv1,https://farcaster.xyz/cctv1,0.00733 ETH ($14),0.00733,14.15,14.15,1930.5846847420019,2026-02-27,defillama_coin_prices,coins.llama.fi/chart/coingecko:ethereum,medium,settlement_date_eth_usd,6,5,2026-02-26 07:01:59,2026-02-27 04:46:49,42692778,0xdbd5a5133acdf90f930b48ce1f5c6d57d737f1974d43d38436aa0617d226ade7
2026-02-26 06:46:45,637,Degen Dog #637,https://api.degendogs.club/images/637.png,https://degendogs.club/#dog637,https://opensea.io/item/base/0x09154248ffdbaf8aa877ae8a4bf8ce1503596428/637,Background: None; Body: Grey; Neck: None; Mouth: Teeth; Ears: Earbuds; Head: None; Eyes: MaskSnorkel,Background: None (90.3%); Body: Grey (11.5%); Neck: None (39.9%); Mouth: Teeth (5.2%); Ears: Earbuds (32.2%); Head: None (20.4%); Eyes: MaskSnorkel (9.0%),#293/745,50.505641,0x8e5caf3f39b83dbc7663f7fc2b929e21d55482af,@dl39,https://farcaster.xyz/dl39,0.01000 ETH ($21),0.01,20.55,20.55,2055.0954389406515,2026-02-26,defillama_coin_prices,coins.llama.fi/chart/coingecko:ethereum,medium,settlement_date_eth_usd,1,1,2026-02-25 06:48:07,2026-02-25 06:48:07,42649529,0x47225c1442d007cf6e959c33cc2a4b9537508f10586f3d65546b9bc158af3a25
2026-02-25 06:41:25,636,Degen Dog #636,https://api.degendogs.club/images/636.png,https://degendogs.club/#dog636,https://opensea.io/item/base/0x09154248ffdbaf8aa877ae8a4bf8ce1503596428/636,Background: None; Body: RedBrown; Neck: None; Mouth: Tongue; Ears: Earbuds; Head: CrazyHair; Eyes: Monocle,Background: None (90.3%); Body: RedBrown (15.3%); Neck: None (39.9%); Mouth: Tongue (9.7%); Ears: Earbuds (32.2%); Head: CrazyHair (6.6%); Eyes: Monocle (6.7%),#224/745,53.705959,0x71ce5605ab649d97446ef179bc2983b18ddc9a48,@cryptomill,https://farcaster.xyz/cryptomill,0.01100 ETH ($23),0.011,22.61,22.61,2055.0954389406515,2026-02-26,defillama_coin_prices,coins.llama.fi/chart/coingecko:ethereum,medium,nearest_settlement_date_eth_usd,6,5,2026-02-24 06:49:33,2026-02-25 06:29:49,42606169,0xc958aad5e80cac3f07e45c115c67adf6bc2be8eb5ed8ca1b0d99a684826c9c33
2026-02-24 06:30:03,635,Degen Dog #635,https://api.degendogs.club/images/635.png,https://degendogs.club/#dog635,https://opensea.io/item/base/0x09154248ffdbaf8aa877ae8a4bf8ce1503596428/635,Background: None; Body: Dalmation; Neck: None; Mouth: None; Ears: None; Head: BlackCap; Eyes: None,Background: None (90.3%); Body: Dalmation (9.5%); Neck: None (39.9%); Mouth: None (68.6%); Ears: None (25.4%); Head: BlackCap (6.8%); Eyes: None (17.9%),#599/745,39.71743,0xc7aab24ede583b0dc9041343ae51466bb86a1ab7,@neghvar.eth,https://farcaster.xyz/neghvar.eth,0.01111 ETH ($21),0.01111,20.61,20.61,1854.9523730780218,2026-02-24,defillama_coin_prices,coins.llama.fi/chart/coingecko:ethereum,medium,settlement_date_eth_usd,1,1,2026-02-23 06:30:03,2026-02-23 06:30:03,42562628,0xc107ca5fa97c6e6f33b398e4bf5a94815393403bb3b4fec068b9e192b8ca890a
2026-02-23 06:29:37,634,Degen Dog #634,https://api.degendogs.club/images/634.png,https://degendogs.club/#dog634,https://opensea.io/item/base/0x09154248ffdbaf8aa877ae8a4bf8ce1503596428/634,Background: None; Body: RedBrown; Neck: None; Mouth: Pizza; Ears: None; Head: None; Eyes: None,Background: None (90.3%); Body: RedBrown (15.3%); Neck: None (39.9%); Mouth: Pizza (10.6%); Ears: None (25.4%); Head: None (20.4%); Eyes: None (17.9%),#693/745,34.025487,0xc7aab24ede583b0dc9041343ae51466bb86a1ab7,@neghvar.eth,https://farcaster.xyz/neghvar.eth,0.01100 ETH ($22),0.011,21.53,21.53,1957.4284118067922,2026-02-23,defillama_coin_prices,coins.llama.fi/chart/coingecko:ethereum,medium,settlement_date_eth_usd,3,3,2026-02-22 12:27:41,2026-02-23 06:03:17,42519415,0x3e731e292ebeb6be2322ff4e1d80ad6f9c646e66b596a79c96104bb2eefaee91
2026-02-22 06:28:37,633,Degen Dog #633,https://api.degendogs.club/images/633.png,https://degendogs.club/#dog633,https://opensea.io/item/base/0x09154248ffdbaf8aa877ae8a4bf8ce1503596428/633,Background: None; Body: SugarSkull; Neck: None; Mouth: None; Ears: None; Head: None; Eyes: None,Background: None (90.3%); Body: SugarSkull (6.4%); Neck: None (39.9%); Mouth: None (68.6%); Ears: None (25.4%); Head: None (20.4%); Eyes: None (17.9%),#681/745,35.038779,0xc7aab24ede583b0dc9041343ae51466bb86a1ab7,@neghvar.eth,https://farcaster.xyz/neghvar.eth,0.02222 ETH ($44),0.02222,43.85,43.85,1973.5037490804607,2026-02-22,defillama_coin_prices,coins.llama.fi/chart/coingecko:ethereum,medium,settlement_date_eth_usd,5,5,2026-02-21 07:10:09,2026-02-22 05:28:53,42476185,0xb07039137e3d71050c3fbef915d0646e3cda14bdabb7de2adf86142a85e3e529
2026-02-21 06:26:53,632,Degen Dog #632,https://api.degendogs.club/images/632.png,https://degendogs.club/#dog632,https://opensea.io/item/base/0x09154248ffdbaf8aa877ae8a4bf8ce1503596428/632,Background: None; Body: SugarSkull; Neck: RedCollar; Mouth: Tongue; Ears: LoopEarring; Head: Hoodie; Eyes: BlueLaserEyes,Background: None (90.3%); Body: SugarSkull (6.4%); Neck: RedCollar (30.7%); Mouth: Tongue (9.7%); Ears: LoopEarring (27.1%); Head: Hoodie (4.8%); Eyes: BlueLaserEyes (10.9%),#96/745,63.808408,0x8e5caf3f39b83dbc7663f7fc2b929e21d55482af,@dl39,https://farcaster.xyz/dl39,0.01234 ETH ($24),0.01234,24.29,24.29,1968.517657102729,2026-02-21,defillama_coin_prices,coins.llama.fi/chart/coingecko:ethereum,medium,settlement_date_eth_usd,1,1,2026-02-20 06:21:57,2026-02-20 06:21:57,42432933,0x61c5ac667fdf9958d41e9b5e82cbed9aa9dd3bb846219d1b030651f0b8f0437b
2026-02-20 06:21:29,631,Degen Dog #631,https://api.degendogs.club/images/631.png,https://degendogs.club/#dog631,https://opensea.io/item/base/0x09154248ffdbaf8aa877ae8a4bf8ce1503596428/631,Background: None; Body: Grey; Neck: GoldNecklace; Mouth: Tongue; Ears: Earbuds; Head: None; Eyes: None,Background: None (90.3%); Body: Grey (11.5%); Neck: GoldNecklace (19.5%); Mouth: Tongue (9.7%); Ears: Earbuds (32.2%); Head: None (20.4%); Eyes: None (17.9%),#613/745,38.861914,0x71ce5605ab649d97446ef179bc2983b18ddc9a48,@cryptomill,https://farcaster.xyz/cryptomill,0.01494 ETH ($29),0.01494,29.11,29.11,1948.2111139366946,2026-02-20,defillama_coin_prices,coins.llama.fi/chart/coingecko:ethereum,medium,settlement_date_eth_usd,6,6,2026-02-19 06:25:19,2026-02-20 06:14:33,42389571,0x28ca4cbd01944f1e5cf494926d898def36477fc2f26c9c76160fc0b76afb2832
2026-02-19 06:15:05,630,Degen Dog #630,https://api.degendogs.club/images/630.png,https://degendogs.club/#dog630,https://opensea.io/item/base/0x09154248ffdbaf8aa877ae8a4bf8ce1503596428/630,Background: None; Body: SugarSkull; Neck: RedCollar; Mouth: Tongue; Ears: None; Head: Toque; Eyes: MaskSnorkel,Background: None (90.3%); Body: SugarSkull (6.4%); Neck: RedCollar (30.7%); Mouth: Tongue (9.7%); Ears: None (25.4%); Head: Toque (7.1%); Eyes: MaskSnorkel (9.0%),#123/745,59.34612,0x14e8fddfa4a7c709c19a8c7da5205c3ae366355c,@iiccii,https://farcaster.xyz/iiccii,0.02742 ETH ($54),0.02742,53.59,53.59,1954.3708752858226,2026-02-19,defillama_coin_prices,coins.llama.fi/chart/coingecko:ethereum,medium,settlement_date_eth_usd,7,4,2026-02-18 06:14:07,2026-02-19 06:06:35,42346179,0x6e67157ba2ec9678423fba58a4a4e3e169710d26de1267d03abab9bb38dc5025
2026-02-18 05:56:53,629,Degen Dog #629,https://api.degendogs.club/images/629.png,https://degendogs.club/#dog629,https://opensea.io/item/base/0x09154248ffdbaf8aa877ae8a4bf8ce1503596428/629,Background: None; Body: Rainbow; Neck: None; Mouth: None; Ears: LoopEarring; Head: None; Eyes: BlueLaserEyes,Background: None (90.3%); Body: Rainbow (4.4%); Neck: None (39.9%); Mouth: None (68.6%); Ears: LoopEarring (27.1%); Head: None (20.4%); Eyes: BlueLaserEyes (10.9%),#444/745,45.43605,0xc421401af43d217d8bf16f18ffd076f3c84219d9,@vorcha,https://farcaster.xyz/vorcha,0.02690 ETH ($54),0.0269,53.58,53.58,1991.6984916159734,2026-02-18,defillama_coin_prices,coins.llama.fi/chart/coingecko:ethereum,medium,settlement_date_eth_usd,4,3,2026-02-17 05:59:49,2026-02-18 05:51:01,42302433,0xe606629719c886495dbb95b0f2993cfca09a4ae4db6954e05d9e12e6955ce9e4
2026-02-17 05:52:17,628,Degen Dog #628,https://api.degendogs.club/images/628.png,https://degendogs.club/#dog628,https://opensea.io/item/base/0x09154248ffdbaf8aa877ae8a4bf8ce1503596428/628,Background: None; Body: RedBrown; Neck: RedCollar; Mouth: None; Ears: None; Head: WhiteMohawk; Eyes: BlueLaserEyes,Background: None (90.3%); Body: RedBrown (15.3%); Neck: RedCollar (30.7%); Mouth: None (68.6%); Ears: None (25.4%); Head: WhiteMohawk (6.6%); Eyes: BlueLaserEyes (10.9%),#574/745,40.696684,0x833c829b5123c7af0b810a03084d5d3f0529d323,@metasalary,https://farcaster.xyz/metasalary,0.02090 ETH ($42),0.0209,41.75,41.75,1997.4673544184386,2026-02-17,defillama_coin_prices,coins.llama.fi/chart/coingecko:ethereum,medium,settlement_date_eth_usd,5,4,2026-02-16 06:51:03,2026-02-17 05:46:13,42259095,0x2d62171c4d5ebbc70cad3ec656e9de3b433d0261e1229a1a29a8528c17266a38
2026-02-16 05:47:05,627,Degen Dog #627,https://api.degendogs.club/images/627.png,https://degendogs.club/#dog627,https://opensea.io/item/base/0x09154248ffdbaf8aa877ae8a4bf8ce1503596428/627,Background: Halo; Body: Orange; Neck: None; Mouth: None; Ears: LoopEarring; Head: BaseballCap; Eyes: BlueLaserEyes,Background: Halo (9.7%); Body: Orange (8.7%); Neck: None (39.9%); Mouth: None (68.6%); Ears: LoopEarring (27.1%); Head: BaseballCap (10.2%); Eyes: BlueLaserEyes (10.9%),#344/745,48.463385,0xd29c790466675153a50df7860b9efdb689a21cde,@thec1,https://farcaster.xyz/thec1,0.02492 ETH ($49),0.02492,48.97,48.97,1965.144620269591,2026-02-16,defillama_coin_prices,coins.llama.fi/chart/coingecko:ethereum,medium,settlement_date_eth_usd,15,7,2026-02-15 09:24:45,2026-02-16 05:37:41,42215739,0xc95b4d0a2e0e969614762d333094ebdfac2b677ad5d68ffdf8170bd794068a72
2026-02-15 05:31:39,626,Degen Dog #626,https://api.degendogs.club/images/626.png,https://degendogs.club/#dog626,https://opensea.io/item/base/0x09154248ffdbaf8aa877ae8a4bf8ce1503596428/626,Background: None; Body: White; Neck: None; Mouth: None; Ears: LoopEarring; Head: None; Eyes: VRGoggles,Background: None (90.3%); Body: White (11.4%); Neck: None (39.9%); Mouth: None (68.6%); Ears: LoopEarring (27.1%); Head: None (20.4%); Eyes: VRGoggles (10.3%),#717/745,32.102792,0x71ce5605ab649d97446ef179bc2983b18ddc9a48,@cryptomill,https://farcaster.xyz/cryptomill,0.02131 ETH ($44),0.02131,44.44,44.44,2085.5445019019644,2026-02-15,defillama_coin_prices,coins.llama.fi/chart/coingecko:ethereum,medium,settlement_date_eth_usd,8,4,2026-02-14 05:17:57,2026-02-15 05:20:41,42172076,0x86d1b150711bc4610eb20bf7a6acff83fe2cda5561b8b59c8325f646e6b457e1
2026-02-14 05:17:27,625,Degen Dog #625,https://api.degendogs.club/images/625.png,https://degendogs.club/#dog625,https://opensea.io/item/base/0x09154248ffdbaf8aa877ae8a4bf8ce1503596428/625,Background: None; Body: RedBrown; Neck: None; Mouth: None; Ears: LoopEarring; Head: Beanie; Eyes: Sunglasses,Background: None (90.3%); Body: RedBrown (15.3%); Neck: None (39.9%); Mouth: None (68.6%); Ears: LoopEarring (27.1%); Head: Beanie (6.3%); Eyes: Sunglasses (14.6%),#629/745,37.98246,0x8e5caf3f39b83dbc7663f7fc2b929e21d55482af,@dl39,https://farcaster.xyz/dl39,0.02860 ETH ($59),0.0286,58.58,58.58,2048.189677172832,2026-02-14,defillama_coin_prices,coins.llama.fi/chart/coingecko:ethereum,medium,settlement_date_eth_usd,15,7,2026-02-13 05:12:51,2026-02-14 05:12:15,42128450,0xe395b1eb9afa2b9cf5cb62054d13b77c65ce2f827f21313653457c5ae299b140
2026-02-13 05:07:13,624,Degen Dog #624,https://api.degendogs.club/images/624.png,https://degendogs.club/#dog624,https://opensea.io/item/base/0x09154248ffdbaf8aa877ae8a4bf8ce1503596428/624,Background: None; Body: Dalmation; Neck: None; Mouth: Tongue; Ears: LoopEarring; Head: None; Eyes: None,Background: None (90.3%); Body: Dalmation (9.5%); Neck: None (39.9%); Mouth: Tongue (9.7%); Ears: LoopEarring (27.1%); Head: None (20.4%); Eyes: None (17.9%),#617/745,38.646519,0x46e9beef5dc68dff095eca56dadf90247f1af7ef,@stemo.eth,https://farcaster.xyz/stemo.eth,0.01952 ETH ($40),0.01952,39.98,39.98,2048.189677172832,2026-02-14,defillama_coin_prices,coins.llama.fi/chart/coingecko:ethereum,medium,nearest_settlement_date_eth_usd,9,3,2026-02-12 04:53:55,2026-02-13 05:02:01,42084943,0x08722c191337681fe017e9cccb055231a6656f0e473062bc95bea83270909e04
2026-02-12 04:53:39,623,Degen Dog #623,https://api.degendogs.club/images/623.png,https://degendogs.club/#dog623,https://opensea.io/item/base/0x09154248ffdbaf8aa877ae8a4bf8ce1503596428/623,Background: None; Body: Grey; Neck: RedCollar; Mouth: Teeth; Ears: Earbuds; Head: BaseballCap; Eyes: VRGoggles,Background: None (90.3%); Body: Grey (11.5%); Neck: RedCollar (30.7%); Mouth: Teeth (5.2%); Ears: Earbuds (32.2%); Head: BaseballCap (10.2%); Eyes: VRGoggles (10.3%),#202/745,54.707736,0x14e8fddfa4a7c709c19a8c7da5205c3ae366355c,@iiccii,https://farcaster.xyz/iiccii,0.02363 ETH ($46),0.02363,45.86,45.86,1940.651195593374,2026-02-12,defillama_coin_prices,coins.llama.fi/chart/coingecko:ethereum,medium,settlement_date_eth_usd,10,5,2026-02-11 05:06:15,2026-02-12 04:48:27,42041336,0x579ff1dc2617f3a8344ab486c420aa6cb1aa65f877f48d59816565faee62eb76
2026-02-11 04:40:17,622,Degen Dog #622,https://api.degendogs.club/images/622.png,https://degendogs.club/#dog622,https://opensea.io/item/base/0x09154248ffdbaf8aa877ae8a4bf8ce1503596428/622,Background: None; Body: Blue; Neck: None; Mouth: None; Ears: Earbuds; Head: Toque; Eyes: MaskSnorkel,Background: None (90.3%); Body: Blue (9.1%); Neck: None (39.9%); Mouth: None (68.6%); Ears: Earbuds (32.2%); Head: Toque (7.1%); Eyes: MaskSnorkel (9.0%),#477/745,44.309383,0xca0edb47a8c9ef04dc2368946f46fb3d7c1a3202,@skunkape,https://farcaster.xyz/skunkape,0.03123 ETH ($63),0.03123,63.07,63.07,2019.5722956412158,2026-02-11,defillama_coin_prices,coins.llama.fi/chart/coingecko:ethereum,medium,settlement_date_eth_usd,11,7,2026-02-10 04:28:21,2026-02-11 04:33:33,41997735,0x4bd68c48ee25b8028ce6c7d7d2ca93be992e081427e3d21f978f991b76eedbce
2026-02-10 04:26:01,621,Degen Dog #621,https://api.degendogs.club/images/621.png,https://degendogs.club/#dog621,https://opensea.io/item/base/0x09154248ffdbaf8aa877ae8a4bf8ce1503596428/621,Background: None; Body: Dalmation; Neck: None; Mouth: None; Ears: None; Head: Headphones; Eyes: Glasses,Background: None (90.3%); Body: Dalmation (9.5%); Neck: None (39.9%); Mouth: None (68.6%); Ears: None (25.4%); Head: Headphones (6.3%); Eyes: Glasses (12.6%),#500/745,43.284679,0xc7aab24ede583b0dc9041343ae51466bb86a1ab7,@neghvar.eth,https://farcaster.xyz/neghvar.eth,0.02420 ETH ($51),0.0242,50.91,50.91,2103.6244784903897,2026-02-10,defillama_coin_prices,coins.llama.fi/chart/coingecko:ethereum,medium,settlement_date_eth_usd,7,5,2026-02-09 04:18:23,2026-02-10 04:20:45,41954107,0x4d15d96913daaab1ec32829b4bc8a95fbd44746dd397e57fd80f5119d31c80ea
2026-02-09 04:16:55,620,Degen Dog #620,https://api.degendogs.club/images/620.png,https://degendogs.club/#dog620,https://opensea.io/item/base/0x09154248ffdbaf8aa877ae8a4bf8ce1503596428/620,Background: Halo; Body: RedBrown; Neck: GoldNecklace; Mouth: Tongue; Ears: LoopEarring; Head: StripedBeanie; Eyes: MaskSnorkel,Background: Halo (9.7%); Body: RedBrown (15.3%); Neck: GoldNecklace (19.5%); Mouth: Tongue (9.7%); Ears: LoopEarring (27.1%); Head: StripedBeanie (8.7%); Eyes: MaskSnorkel (9.0%),#129/745,58.636523,0xc421401af43d217d8bf16f18ffd076f3c84219d9,@vorcha,https://farcaster.xyz/vorcha,0.01974 ETH ($41),0.01974,41.24,41.24,2088.9922383839016,2026-02-08,defillama_coin_prices,coins.llama.fi/chart/coingecko:ethereum,medium,nearest_settlement_date_eth_usd,5,5,2026-02-08 04:17:25,2026-02-09 04:06:15,41910634,0xaa96ebfb4b2e2ffb481e51a7ab22395e2374f895993f4231b0c0d312949cd865
2026-02-08 04:16:43,619,Degen Dog #619,https://api.degendogs.club/images/619.png,https://degendogs.club/#dog619,https://opensea.io/item/base/0x09154248ffdbaf8aa877ae8a4bf8ce1503596428/619,Background: None; Body: Dalmation; Neck: GoldNecklace; Mouth: None; Ears: Earbuds; Head: CrazyHair; Eyes: BlueLaserEyes,Background: None (90.3%); Body: Dalmation (9.5%); Neck: GoldNecklace (19.5%); Mouth: None (68.6%); Ears: Earbuds (32.2%); Head: CrazyHair (6.6%); Eyes: BlueLaserEyes (10.9%),#431/745,45.701577,0x8e5caf3f39b83dbc7663f7fc2b929e21d55482af,@dl39,https://farcaster.xyz/dl39,0.02222 ETH ($46),0.02222,46.42,46.42,2088.9922383839016,2026-02-08,defillama_coin_prices,coins.llama.fi/chart/coingecko:ethereum,medium,settlement_date_eth_usd,8,3,2026-02-07 04:50:53,2026-02-08 04:11:27,41867428,0xa448139dd7b3e690ceb658eab50cecd469bc17492413c31402123e69434a0904
2026-02-07 04:10:31,618,Degen Dog #618,https://api.degendogs.club/images/618.png,https://degendogs.club/#dog618,https://opensea.io/item/base/0x09154248ffdbaf8aa877ae8a4bf8ce1503596428/618,Background: None; Body: Blue; Neck: RedCollar; Mouth: None; Ears: GoldEarring; Head: Headphones; Eyes: RedLaserEyes,Background: None (90.3%); Body: Blue (9.1%); Neck: RedCollar (30.7%); Mouth: None (68.6%); Ears: GoldEarring (15.3%); Head: Headphones (6.3%); Eyes: RedLaserEyes (5.2%),#136/745,58.262782,0x71ce5605ab649d97446ef179bc2983b18ddc9a48,@cryptomill,https://farcaster.xyz/cryptomill,0.01100 ETH ($23),0.011,22.69,22.69,2062.856910135724,2026-02-07,defillama_coin_prices,coins.llama.fi/chart/coingecko:ethereum,medium,settlement_date_eth_usd,5,3,2026-02-06 05:38:47,2026-02-07 03:55:11,41824042,0xf2221316d3b0545fad3480cec5e096f37a1fedc08a9e80b08b506a2b7308c860
2026-02-06 04:02:23,617,Degen Dog #617,https://api.degendogs.club/images/617.png,https://degendogs.club/#dog617,https://opensea.io/item/base/0x09154248ffdbaf8aa877ae8a4bf8ce1503596428/617,Background: None; Body: Black; Neck: GoldNecklace; Mouth: Tongue; Ears: LoopEarring; Head: None; Eyes: BlueLaserEyes,Background: None (90.3%); Body: Black (11.4%); Neck: GoldNecklace (19.5%); Mouth: Tongue (9.7%); Ears: LoopEarring (27.1%); Head: None (20.4%); Eyes: BlueLaserEyes (10.9%),#504/745,43.143808,0x71ce5605ab649d97446ef179bc2983b18ddc9a48,@cryptomill,https://farcaster.xyz/cryptomill,0.02420 ETH ($50),0.0242,49.92,49.92,2062.856910135724,2026-02-07,defillama_coin_prices,coins.llama.fi/chart/coingecko:ethereum,medium,nearest_settlement_date_eth_usd,3,3,2026-02-05 04:02:27,2026-02-05 23:38:01,41780598,0x3665fd1ced39bac6f81847c9f0a2ab85c9f0afeb26d53486e02a862d1e28af61
2026-02-05 04:01:43,616,Degen Dog #616,https://api.degendogs.club/images/616.png,https://degendogs.club/#dog616,https://opensea.io/item/base/0x09154248ffdbaf8aa877ae8a4bf8ce1503596428/616,Background: None; Body: Black; Neck: GoldNecklace; Mouth: None; Ears: Earbuds; Head: BlackCap; Eyes: MaskSnorkel,Background: None (90.3%); Body: Black (11.4%); Neck: GoldNecklace (19.5%); Mouth: None (68.6%); Ears: Earbuds (32.2%); Head: BlackCap (6.8%); Eyes: MaskSnorkel (9.0%),#450/745,45.298959,0xc7aab24ede583b0dc9041343ae51466bb86a1ab7,@neghvar.eth,https://farcaster.xyz/neghvar.eth,0.01816 ETH ($39),0.01816,38.91,38.91,2142.8911082092086,2026-02-05,defillama_coin_prices,coins.llama.fi/chart/coingecko:ethereum,medium,settlement_date_eth_usd,3,3,2026-02-04 04:01:11,2026-02-05 03:50:41,41737378,0x48cd560591ef180f8c164024b782b04fd6bc4774e2bedac2e2168f061155126d
2026-02-04 04:00:41,615,Degen Dog #615,https://api.degendogs.club/images/615.png,https://degendogs.club/#dog615,https://opensea.io/item/base/0x09154248ffdbaf8aa877ae8a4bf8ce1503596428/615,Background: None; Body: Black; Neck: GoldNecklace; Mouth: None; Ears: Earbuds; Head: None; Eyes: Sunglasses,Background: None (90.3%); Body: Black (11.4%); Neck: GoldNecklace (19.5%); Mouth: None (68.6%); Ears: Earbuds (32.2%); Head: None (20.4%); Eyes: Sunglasses (14.6%),#726/745,31.307891,0xc421401af43d217d8bf16f18ffd076f3c84219d9,@vorcha,https://farcaster.xyz/vorcha,0.06666 ETH ($143),0.06666,142.85,142.85,2142.8911082092086,2026-02-05,defillama_coin_prices,coins.llama.fi/chart/coingecko:ethereum,medium,nearest_settlement_date_eth_usd,38,14,2026-02-03 03:54:53,2026-02-04 03:54:23,41694147,0xacb23b1ef567461d9e95200e012dd52b6f69d960343e46aac605c8c8cc063c65
2026-02-03 03:21:59,614,Degen Dog #614,https://api.degendogs.club/images/614.png,https://degendogs.club/#dog614,https://opensea.io/item/base/0x09154248ffdbaf8aa877ae8a4bf8ce1503596428/614,Background: None; Body: Blue; Neck: RedCollar; Mouth: None; Ears: None; Head: None; Eyes: MaskSnorkel,Background: None (90.3%); Body: Blue (9.1%); Neck: RedCollar (30.7%); Mouth: None (68.6%); Ears: None (25.4%); Head: None (20.4%); Eyes: MaskSnorkel (9.0%),#653/745,36.736584,0x8e5caf3f39b83dbc7663f7fc2b929e21d55482af,@dl39,https://farcaster.xyz/dl39,0.05851 ETH ($137),0.05851,137.14,137.14,2343.946663932276,2026-02-03,defillama_coin_prices,coins.llama.fi/chart/coingecko:ethereum,medium,settlement_date_eth_usd,12,7,2026-02-02 03:14:03,2026-02-03 03:16:47,41649786,0xed2d0a4f2d6ae608038f0616403c05b2ce19a082b4955b8edefb897e8aa9896d
2026-02-02 03:06:19,613,Degen Dog #613,https://api.degendogs.club/images/613.png,https://degendogs.club/#dog613,https://opensea.io/item/base/0x09154248ffdbaf8aa877ae8a4bf8ce1503596428/613,Background: Halo; Body: Blue; Neck: None; Mouth: None; Ears: GoldEarring; Head: None; Eyes: 3DGlasses,Background: Halo (9.7%); Body: Blue (9.1%); Neck: None (39.9%); Mouth: None (68.6%); Ears: GoldEarring (15.3%); Head: None (20.4%); Eyes: 3DGlasses (4.8%),#152/745,57.400296,0xc7aab24ede583b0dc9041343ae51466bb86a1ab7,@neghvar.eth,https://farcaster.xyz/neghvar.eth,0.07468 ETH ($169),0.07468,169.34,169.34,2267.5884795836637,2026-02-02,defillama_coin_prices,coins.llama.fi/chart/coingecko:ethereum,medium,settlement_date_eth_usd,19,10,2026-02-01 03:26:33,2026-02-02 03:01:07,41606116,0x8ff9c219f286e110c59df5cf77a3e1541d700fbca9b8c6db8b94f89c7daf7a3a
2026-02-01 03:01:03,612,Degen Dog #612,https://api.degendogs.club/images/612.png,https://degendogs.club/#dog612,https://opensea.io/item/base/0x09154248ffdbaf8aa877ae8a4bf8ce1503596428/612,Background: None; Body: White; Neck: RedCollar; Mouth: None; Ears: None; Head: StripedBeanie; Eyes: EyePatch,Background: None (90.3%); Body: White (11.4%); Neck: RedCollar (30.7%); Mouth: None (68.6%); Ears: None (25.4%); Head: StripedBeanie (8.7%); Eyes: EyePatch (7.9%),#515/745,42.613346,0x46e9beef5dc68dff095eca56dadf90247f1af7ef,@stemo.eth,https://farcaster.xyz/stemo.eth,0.07624 ETH ($186),0.07624,186.37,186.37,2444.5228233925677,2026-02-01,defillama_coin_prices,coins.llama.fi/chart/coingecko:ethereum,medium,settlement_date_eth_usd,3,2,2026-01-31 03:08:17,2026-01-31 11:12:11,41562758,0xc669800e09f1707831348b0648853315b719972124c3ec6c9f008bba9c823e05
2026-01-31 03:00:13,611,Degen Dog #611,https://api.degendogs.club/images/611.png,https://degendogs.club/#dog611,https://opensea.io/item/base/0x09154248ffdbaf8aa877ae8a4bf8ce1503596428/611,Background: Halo; Body: Black; Neck: None; Mouth: Teeth; Ears: Earbuds; Head: BaseballCap; Eyes: Glasses,Background: Halo (9.7%); Body: Black (11.4%); Neck: None (39.9%); Mouth: Teeth (5.2%); Ears: Earbuds (32.2%); Head: BaseballCap (10.2%); Eyes: Glasses (12.6%),#106/745,61.55524,0x14e8fddfa4a7c709c19a8c7da5205c3ae366355c,@iiccii,https://farcaster.xyz/iiccii,0.07701 ETH ($208),0.07701,208.15,208.15,2702.8767834908294,2026-01-31,defillama_coin_prices,coins.llama.fi/chart/coingecko:ethereum,medium,settlement_date_eth_usd,3,3,2026-01-30 04:42:13,2026-01-31 01:00:43,41519533,0x6f5bb4a229936084ad5b57e1137e0f392c67d8d0003e99029108339593ab1ace
2026-01-30 02:51:53,610,Degen Dog #610,https://api.degendogs.club/images/610.png,https://degendogs.club/#dog610,https://opensea.io/item/base/0x09154248ffdbaf8aa877ae8a4bf8ce1503596428/610,Background: None; Body: Orange; Neck: None; Mouth: Pizza; Ears: LoopEarring; Head: None; Eyes: RedLaserEyes,Background: None (90.3%); Body: Orange (8.7%); Neck: None (39.9%); Mouth: Pizza (10.6%); Ears: LoopEarring (27.1%); Head: None (20.4%); Eyes: RedLaserEyes (5.2%),#248/745,52.199318,0xe068579e46ca32a7ed3d51f217fcc5a0d829fca0,@yes2crypto.eth,https://farcaster.xyz/yes2crypto.eth,0.10253 ETH ($289),0.10253,288.95,288.95,2818.221584494596,2026-01-30,defillama_coin_prices,coins.llama.fi/chart/coingecko:ethereum,medium,settlement_date_eth_usd,5,4,2026-01-29 03:37:13,2026-01-30 02:37:27,41476083,0xf762e9730f2ad9ca2fd09a516b9021fada207d1c3fb6430bc99ddaa95c052064
2026-01-29 02:41:57,609,Degen Dog #609,https://api.degendogs.club/images/609.png,https://degendogs.club/#dog609,https://opensea.io/item/base/0x09154248ffdbaf8aa877ae8a4bf8ce1503596428/609,Background: None; Body: Orange; Neck: None; Mouth: None; Ears: Earbuds; Head: Headphones; Eyes: None,Background: None (90.3%); Body: Orange (8.7%); Neck: None (39.9%); Mouth: None (68.6%); Ears: Earbuds (32.2%); Head: Headphones (6.3%); Eyes: None (17.9%),#560/745,41.0916,0x46e9beef5dc68dff095eca56dadf90247f1af7ef,@stemo.eth,https://farcaster.xyz/stemo.eth,0.08020 ETH ($241),0.0802,241.01,241.01,3005.0632083322844,2026-01-29,defillama_coin_prices,coins.llama.fi/chart/coingecko:ethereum,medium,settlement_date_eth_usd,3,3,2026-01-28 02:36:49,2026-01-28 05:53:57,41432585,0x64a681b5d8a5439659975f6eb8f11799b00f7999b8b82c5f99c946d428c9b634
2026-01-28 02:36:17,608,Degen Dog #608,https://api.degendogs.club/images/608.png,https://degendogs.club/#dog608,https://opensea.io/item/base/0x09154248ffdbaf8aa877ae8a4bf8ce1503596428/608,Background: None; Body: White; Neck: RedCollar; Mouth: None; Ears: Earbuds; Head: StripedBeanie; Eyes: Monocle,Background: None (90.3%); Body: White (11.4%); Neck: RedCollar (30.7%); Mouth: None (68.6%); Ears: Earbuds (32.2%); Head: StripedBeanie (8.7%); Eyes: Monocle (6.7%),#485/745,44.048595,0x86e36c9ba3c6a2542fd761bc2b4fd61a110ea6cd,@mr-r0b0t,https://farcaster.xyz/mr-r0b0t,0.09680 ETH ($293),0.0968,292.55,292.55,3022.172638872313,2026-01-28,defillama_coin_prices,coins.llama.fi/chart/coingecko:ethereum,medium,settlement_date_eth_usd,5,5,2026-01-27 02:27:05,2026-01-28 02:25:49,41389215,0xa60ad4856076d9cd643664bb826ff17a0aab905259dc1b883598aa84d47a2f93
2026-01-27 02:26:13,607,Degen Dog #607,https://api.degendogs.club/images/607.png,https://degendogs.club/#dog607,https://opensea.io/item/base/0x09154248ffdbaf8aa877ae8a4bf8ce1503596428/607,Background: None; Body: Blue; Neck: None; Mouth: None; Ears: LoopEarring; Head: CrazyHair; Eyes: EyePatch,Background: None (90.3%); Body: Blue (9.1%); Neck: None (39.9%); Mouth: None (68.6%); Ears: LoopEarring (27.1%); Head: CrazyHair (6.6%); Eyes: EyePatch (7.9%),#367/745,47.548528,0xe16f9db0e6ca8f2f9151ac581a78d9dd5a4bb1ef,@hydropho.eth,https://farcaster.xyz/hydropho.eth,0.08500 ETH ($249),0.085,248.79,248.79,2926.923717263726,2026-01-26,defillama_coin_prices,coins.llama.fi/chart/coingecko:ethereum,medium,nearest_settlement_date_eth_usd,46,18,2026-01-26 02:15:35,2026-01-27 02:20:53,41345713,0x29af2677e80c5b66fb2c72b73f20aafb5cbc579f5bb53026fc73ec33b57732d4
2026-01-26 02:11:31,606,Degen Dog #606,https://api.degendogs.club/images/606.png,https://degendogs.club/#dog606,https://opensea.io/item/base/0x09154248ffdbaf8aa877ae8a4bf8ce1503596428/606,Background: None; Body: Rainbow; Neck: GoldNecklace; Mouth: Pizza; Ears: Earbuds; Head: Beanie; Eyes: VRGoggles,Background: None (90.3%); Body: Rainbow (4.4%); Neck: GoldNecklace (19.5%); Mouth: Pizza (10.6%); Ears: Earbuds (32.2%); Head: Beanie (6.3%); Eyes: VRGoggles (10.3%),#76/745,66.881607,0xc5831df8214b36e27c0d5fa45eed8d160610dc90,@ohosttcod,https://farcaster.xyz/ohosttcod,0.08073 ETH ($236),0.08073,236.29,236.29,2926.923717263726,2026-01-26,defillama_coin_prices,coins.llama.fi/chart/coingecko:ethereum,medium,settlement_date_eth_usd,29,17,2026-01-25 02:09:41,2026-01-26 01:57:25,41302072,0xdd43a530bfa766343a1c141a1c793831988f442a4951a84aa2d65fe7bfe3efb4
2026-01-25 02:04:35,605,Degen Dog #605,https://api.degendogs.club/images/605.png,https://degendogs.club/#dog605,https://opensea.io/item/base/0x09154248ffdbaf8aa877ae8a4bf8ce1503596428/605,Background: None; Body: Brown; Neck: GoldNecklace; Mouth: None; Ears: Earbuds; Head: None; Eyes: VRGoggles,Background: None (90.3%); Body: Brown (10.9%); Neck: GoldNecklace (19.5%); Mouth: None (68.6%); Ears: Earbuds (32.2%); Head: None (20.4%); Eyes: VRGoggles (10.3%),#687/745,34.581178,0x86e36c9ba3c6a2542fd761bc2b4fd61a110ea6cd,@mr-r0b0t,https://farcaster.xyz/mr-r0b0t,0.13590 ETH ($401),0.1359,400.73,400.73,2948.7181099371182,2026-01-25,defillama_coin_prices,coins.llama.fi/chart/coingecko:ethereum,medium,settlement_date_eth_usd,26,11,2026-01-24 01:53:47,2026-01-25 01:59:23,41258664,0xe3067188f714e719d34fb1bd29f35f34736e0ce1999ffb6d95cdbd1b37403748
2026-01-24 01:52:47,604,Degen Dog #604,https://api.degendogs.club/images/604.png,https://degendogs.club/#dog604,https://opensea.io/item/base/0x09154248ffdbaf8aa877ae8a4bf8ce1503596428/604,Background: None; Body: Black; Neck: None; Mouth: Bone; Ears: Earbuds; Head: BaseballCap; Eyes: Sunglasses,Background: None (90.3%); Body: Black (11.4%); Neck: None (39.9%); Mouth: Bone (2.8%); Ears: Earbuds (32.2%); Head: BaseballCap (10.2%); Eyes: Sunglasses (14.6%),#72/745,67.597958,0x46e9beef5dc68dff095eca56dadf90247f1af7ef,@stemo.eth,https://farcaster.xyz/stemo.eth,0.18232 ETH ($538),0.18232,537.61,537.61,2948.7181099371182,2026-01-25,defillama_coin_prices,coins.llama.fi/chart/coingecko:ethereum,medium,nearest_settlement_date_eth_usd,6,5,2026-01-23 01:52:49,2026-01-23 17:12:47,41215110,0x06fea1251127e9639e5d571f7a1bda02c6643b6b76fb209a9ab153df3e353e73
2026-01-23 01:52:25,603,Degen Dog #603,https://api.degendogs.club/images/603.png,https://degendogs.club/#dog603,https://opensea.io/item/base/0x09154248ffdbaf8aa877ae8a4bf8ce1503596428/603,Background: None; Body: Orange; Neck: None; Mouth: None; Ears: LoopEarring; Head: CrazyHair; Eyes: BlueLaserEyes,Background: None (90.3%); Body: Orange (8.7%); Neck: None (39.9%); Mouth: None (68.6%); Ears: LoopEarring (27.1%); Head: CrazyHair (6.6%); Eyes: BlueLaserEyes (10.9%),#465/745,44.624597,0xc5831df8214b36e27c0d5fa45eed8d160610dc90,@ohosttcod,https://farcaster.xyz/ohosttcod,0.19818 ETH ($584),0.19818,584.5,584.5,2949.326296544481,2026-01-23,defillama_coin_prices,coins.llama.fi/chart/coingecko:ethereum,medium,settlement_date_eth_usd,6,6,2026-01-22 01:55:57,2026-01-23 00:18:25,41171899,0xd8f31d36afcf368d72f4a0f7b358b36b5856d7d96999c5c7fb73ff1a915ae617
2026-01-22 01:52:07,602,Degen Dog #602,https://api.degendogs.club/images/602.png,https://degendogs.club/#dog602,https://opensea.io/item/base/0x09154248ffdbaf8aa877ae8a4bf8ce1503596428/602,Background: None; Body: Grey; Neck: None; Mouth: None; Ears: LoopEarring; Head: None; Eyes: MaskSnorkel,Background: None (90.3%); Body: Grey (11.5%); Neck: None (39.9%); Mouth: None (68.6%); Ears: LoopEarring (27.1%); Head: None (20.4%); Eyes: MaskSnorkel (9.0%),#702/745,33.444955,0xc5831df8214b36e27c0d5fa45eed8d160610dc90,@ohosttcod,https://farcaster.xyz/ohosttcod,0.18000 ETH ($536),0.18,536.22,536.22,2978.9845331172573,2026-01-22,defillama_coin_prices,coins.llama.fi/chart/coingecko:ethereum,medium,settlement_date_eth_usd,6,5,2026-01-21 01:48:17,2026-01-22 01:42:35,41128690,0xc134a46ad7bceaabd381287b09e9a3270063dfdf57548536fa6d856fbbb93ed3
2026-01-21 01:47:35,601,Degen Dog #601,https://api.degendogs.club/images/601.png,https://degendogs.club/#dog601,https://opensea.io/item/base/0x09154248ffdbaf8aa877ae8a4bf8ce1503596428/601,Background: None; Body: RedBrown; Neck: GoldNecklace; Mouth: None; Ears: None; Head: BlackCap; Eyes: Glasses,Background: None (90.3%); Body: RedBrown (15.3%); Neck: GoldNecklace (19.5%); Mouth: None (68.6%); Ears: None (25.4%); Head: BlackCap (6.8%); Eyes: Glasses (12.6%),#571/745,40.713102,0xffe16898fc0af80ee9bcf29d2b54a0f20f9498ad,@vaibhavmule,https://farcaster.xyz/vaibhavmule,0.23692 ETH ($706),0.23692,705.78,705.78,2978.9845331172573,2026-01-22,defillama_coin_prices,coins.llama.fi/chart/coingecko:ethereum,medium,nearest_settlement_date_eth_usd,14,7,2026-01-20 01:32:35,2026-01-21 01:40:01,41085354,0xa5c0d2145366c6329d5310c39498350bd72d3ddfcb2dd53f4b3da7d56d6f943f
2026-01-20 01:32:05,600,Degen Dog #600,https://api.degendogs.club/images/600.png,https://degendogs.club/#dog600,https://opensea.io/item/base/0x09154248ffdbaf8aa877ae8a4bf8ce1503596428/600,Background: None; Body: Grey; Neck: None; Mouth: Tongue; Ears: LoopEarring; Head: None; Eyes: VRGoggles,Background: None (90.3%); Body: Grey (11.5%); Neck: None (39.9%); Mouth: Tongue (9.7%); Ears: LoopEarring (27.1%); Head: None (20.4%); Eyes: VRGoggles (10.3%),#564/745,40.890173,0x86e36c9ba3c6a2542fd761bc2b4fd61a110ea6cd,@mr-r0b0t,https://farcaster.xyz/mr-r0b0t,0.20460 ETH ($652),0.2046,652.02,652.02,3186.7803172019467,2026-01-20,defillama_coin_prices,coins.llama.fi/chart/coingecko:ethereum,medium,settlement_date_eth_usd,6,3,2026-01-19 01:33:47,2026-01-20 01:26:51,41041689,0x325c8ddef5ae74fb2009c17813bd43b05d5662dfba75a1a5e2ea0dd52c4d33b5
2026-01-19 01:28:37,599,Degen Dog #599,https://api.degendogs.club/images/599.png,https://degendogs.club/#dog599,https://opensea.io/item/base/0x09154248ffdbaf8aa877ae8a4bf8ce1503596428/599,Background: None; Body: Rainbow; Neck: None; Mouth: None; Ears: LoopEarring; Head: PartyHat; Eyes: Glasses,Background: None (90.3%); Body: Rainbow (4.4%); Neck: None (39.9%); Mouth: None (68.6%); Ears: LoopEarring (27.1%); Head: PartyHat (4.4%); Eyes: Glasses (12.6%),#104/745,61.838493,0x46e9beef5dc68dff095eca56dadf90247f1af7ef,@stemo.eth,https://farcaster.xyz/stemo.eth,0.21805 ETH ($695),0.21805,694.88,694.88,3186.7803172019467,2026-01-20,defillama_coin_prices,coins.llama.fi/chart/coingecko:ethereum,medium,nearest_settlement_date_eth_usd,4,3,2026-01-18 02:27:29,2026-01-18 22:56:31,40998385,0x34c6b56279a313cbc81d9decc27842db66eee25c7036d608893ce0bced4faa8d
2026-01-18 01:26:59,598,Degen Dog #598,https://api.degendogs.club/images/598.png,https://degendogs.club/#dog598,https://opensea.io/item/base/0x09154248ffdbaf8aa877ae8a4bf8ce1503596428/598,Background: None; Body: Grey; Neck: None; Mouth: None; Ears: Earbuds; Head: Beanie; Eyes: BlueLaserEyes,Background: None (90.3%); Body: Grey (11.5%); Neck: None (39.9%); Mouth: None (68.6%); Ears: Earbuds (32.2%); Head: Beanie (6.3%); Eyes: BlueLaserEyes (10.9%),#540/745,41.888879,0x98fd129b2183d2a80f9d8da156242ce3e0d53756,@cryptocloudtv,https://farcaster.xyz/cryptocloudtv,0.19812 ETH ($656),0.19812,655.55,655.55,3308.8358913610296,2026-01-18,defillama_coin_prices,coins.llama.fi/chart/coingecko:ethereum,medium,settlement_date_eth_usd,8,5,2026-01-17 01:32:49,2026-01-17 20:56:07,40955136,0xcd0a6897e54e25237722bdd3ca22d21f23cbf95539240344349e1615e2104d5c
2026-01-17 01:26:57,597,Degen Dog #597,https://api.degendogs.club/images/597.png,https://degendogs.club/#dog597,https://opensea.io/item/base/0x09154248ffdbaf8aa877ae8a4bf8ce1503596428/597,Background: None; Body: Dalmation; Neck: None; Mouth: None; Ears: GoldEarring; Head: Beanie; Eyes: VRGoggles,Background: None (90.3%); Body: Dalmation (9.5%); Neck: None (39.9%); Mouth: None (68.6%); Ears: GoldEarring (15.3%); Head: Beanie (6.3%); Eyes: VRGoggles (10.3%),#364/745,47.627761,0x86e36c9ba3c6a2542fd761bc2b4fd61a110ea6cd,@mr-r0b0t,https://farcaster.xyz/mr-r0b0t,0.19470 ETH ($642),0.1947,641.66,641.66,3295.622078063487,2026-01-17,defillama_coin_prices,coins.llama.fi/chart/coingecko:ethereum,medium,settlement_date_eth_usd,14,12,2026-01-16 01:26:31,2026-01-16 20:48:33,40911935,0x9994b6ad734104e3035f3c199fdc1b4759503e211f584383f01ff18859313390
2026-01-16 01:26:11,596,Degen Dog #596,https://api.degendogs.club/images/596.png,https://degendogs.club/#dog596,https://opensea.io/item/base/0x09154248ffdbaf8aa877ae8a4bf8ce1503596428/596,Background: None; Body: Dalmation; Neck: RedCollar; Mouth: None; Ears: None; Head: WhiteMohawk; Eyes: Sunglasses,Background: None (90.3%); Body: Dalmation (9.5%); Neck: RedCollar (30.7%); Mouth: None (68.6%); Ears: None (25.4%); Head: WhiteMohawk (6.6%); Eyes: Sunglasses (14.6%),#526/745,42.291885,0xffe16898fc0af80ee9bcf29d2b54a0f20f9498ad,@vaibhavmule,https://farcaster.xyz/vaibhavmule,0.17441 ETH ($579),0.17441,578.59,578.59,3317.4130424771506,2026-01-16,defillama_coin_prices,coins.llama.fi/chart/coingecko:ethereum,medium,settlement_date_eth_usd,19,11,2026-01-15 01:14:57,2026-01-16 01:19:39,40868712,0x9779001e2fa95e2bfbf995c58c6d1001fa7b4761f11a5b4cfcf53b8342b66f6a
2026-01-15 01:14:37,595,Degen Dog #595,https://api.degendogs.club/images/595.png,https://degendogs.club/#dog595,https://opensea.io/item/base/0x09154248ffdbaf8aa877ae8a4bf8ce1503596428/595,Background: None; Body: RedBrown; Neck: None; Mouth: Pizza; Ears: Earbuds; Head: CrazyHair; Eyes: MaskSnorkel,Background: None (90.3%); Body: RedBrown (15.3%); Neck: None (39.9%); Mouth: Pizza (10.6%); Ears: Earbuds (32.2%); Head: CrazyHair (6.6%); Eyes: MaskSnorkel (9.0%),#330/745,49.00852,0xfd9d96082ea88c5cee50db6343077b8124965f71,@doldole,https://farcaster.xyz/doldole,0.15691 ETH ($526),0.15691,526.44,526.44,3355.0613008775927,2026-01-15,defillama_coin_prices,coins.llama.fi/chart/coingecko:ethereum,medium,settlement_date_eth_usd,49,20,2026-01-14 01:14:33,2026-01-15 01:09:13,40825165,0xae903ebf76404904f3f2b09817305f74054fe338d36411e3b5eab58d9c24ddb6
2026-01-14 01:08:51,594,Degen Dog #594,https://api.degendogs.club/images/594.png,https://degendogs.club/#dog594,https://opensea.io/item/base/0x09154248ffdbaf8aa877ae8a4bf8ce1503596428/594,Background: None; Body: Orange; Neck: RedCollar; Mouth: None; Ears: LoopEarring; Head: None; Eyes: Glasses,Background: None (90.3%); Body: Orange (8.7%); Neck: RedCollar (30.7%); Mouth: None (68.6%); Ears: LoopEarring (27.1%); Head: None (20.4%); Eyes: Glasses (12.6%),#698/745,33.794689,0xc5831df8214b36e27c0d5fa45eed8d160610dc90,@ohosttcod,https://farcaster.xyz/ohosttcod,0.15974 ETH ($531),0.15974,530.83,530.83,3323.0717363942053,2026-01-14,defillama_coin_prices,coins.llama.fi/chart/coingecko:ethereum,medium,settlement_date_eth_usd,6,6,2026-01-13 01:09:15,2026-01-14 00:55:09,40781792,0x6ee1e80cc606e534e6fa9d9092a01cb94290b84559ba3a6469b2c212681feef7
2026-01-13 01:08:39,593,Degen Dog #593,https://api.degendogs.club/images/593.png,https://degendogs.club/#dog593,https://opensea.io/item/base/0x09154248ffdbaf8aa877ae8a4bf8ce1503596428/593,Background: None; Body: Orange; Neck: None; Mouth: None; Ears: GoldEarring; Head: RedMohawk; Eyes: VRGoggles,Background: None (90.3%); Body: Orange (8.7%); Neck: None (39.9%); Mouth: None (68.6%); Ears: GoldEarring (15.3%); Head: RedMohawk (6.8%); Eyes: VRGoggles (10.3%),#373/745,47.353121,0xca0edb47a8c9ef04dc2368946f46fb3d7c1a3202,@skunkape,https://farcaster.xyz/skunkape,0.14301 ETH ($442),0.14301,442.13,442.13,3091.6248559962114,2026-01-13,defillama_coin_prices,coins.llama.fi/chart/coingecko:ethereum,medium,settlement_date_eth_usd,6,5,2026-01-12 01:08:37,2026-01-12 23:34:19,40738586,0x22dd741f6a4cd7442adef4edd317596fa1f9a48d2a42229e28f50167148f11e7
2026-01-12 01:08:17,592,Degen Dog #592,https://api.degendogs.club/images/592.png,https://degendogs.club/#dog592,https://opensea.io/item/base/0x09154248ffdbaf8aa877ae8a4bf8ce1503596428/592,Background: None; Body: RedBrown; Neck: None; Mouth: None; Ears: GoldEarring; Head: Beanie; Eyes: Glasses,Background: None (90.3%); Body: RedBrown (15.3%); Neck: None (39.9%); Mouth: None (68.6%); Ears: GoldEarring (15.3%); Head: Beanie (6.3%); Eyes: Glasses (12.6%),#539/745,41.920098,0x76d0e7a13248945ee9f808b4a472262b28778942,@0xael.eth,https://farcaster.xyz/0xael.eth,0.16000 ETH ($499),0.16,498.97,498.97,3118.5605487221,2026-01-12,defillama_coin_prices,coins.llama.fi/chart/coingecko:ethereum,medium,settlement_date_eth_usd,13,4,2026-01-11 01:07:15,2026-01-12 01:03:09,40695375,0xedb60c22a757fc316d8b511fe71827b12c6f5531b9a9288e4be7b62fe060a35c
2026-01-11 01:06:41,591,Degen Dog #591,https://api.degendogs.club/images/591.png,https://degendogs.club/#dog591,https://opensea.io/item/base/0x09154248ffdbaf8aa877ae8a4bf8ce1503596428/591,Background: None; Body: White; Neck: None; Mouth: Pizza; Ears: LoopEarring; Head: BaseballCap; Eyes: MaskSnorkel,Background: None (90.3%); Body: White (11.4%); Neck: None (39.9%); Mouth: Pizza (10.6%); Ears: LoopEarring (27.1%); Head: BaseballCap (10.2%); Eyes: MaskSnorkel (9.0%),#417/745,46.42064,0xffe16898fc0af80ee9bcf29d2b54a0f20f9498ad,@vaibhavmule,https://farcaster.xyz/vaibhavmule,0.30210 ETH ($931),0.3021,931.24,931.24,3082.567534760909,2026-01-11,defillama_coin_prices,coins.llama.fi/chart/coingecko:ethereum,medium,settlement_date_eth_usd,26,10,2026-01-10 00:44:19,2026-01-11 01:01:25,40652127,0x1bda55b7096a2b03ba5f7d05c2b581ef5556581eba33ad307715d45e8eea3f1f
2026-01-10 00:43:31,590,Degen Dog #590,https://api.degendogs.club/images/590.png,https://degendogs.club/#dog590,https://opensea.io/item/base/0x09154248ffdbaf8aa877ae8a4bf8ce1503596428/590,Background: None; Body: RedBrown; Neck: None; Mouth: Tongue; Ears: None; Head: Unicorn; Eyes: RedLaserEyes,Background: None (90.3%); Body: RedBrown (15.3%); Neck: None (39.9%); Mouth: Tongue (9.7%); Ears: None (25.4%); Head: Unicorn (4.7%); Eyes: RedLaserEyes (5.2%),#87/745,64.827788,0x76d0e7a13248945ee9f808b4a472262b28778942,@0xael.eth,https://farcaster.xyz/0xael.eth,0.16455 ETH ($507),0.16455,507.34,507.34,3083.2055292161476,2026-01-10,defillama_coin_prices,coins.llama.fi/chart/coingecko:ethereum,medium,settlement_date_eth_usd,58,21,2026-01-09 00:55:39,2026-01-10 00:38:19,40608232,0x077dd8302e353010633eb5c10283eb766f5ae45f5a75ae8ba5ba8c5611a6650b
