token_id,dog_image_url,start_time_utc,initial_end_time_utc,end_time_utc,extension_count,latest_extension_end_time_utc,latest_extension_block,latest_extension_tx_hash,latest_extension_log_index,auction_state,bids,unique_bidders,high_bid_eth,total_bid_eth,latest_bidder,latest_bidder_url,latest_bid_eth,latest_bid_utc,winner,winner_url,settled_eth,settled_time_utc,rarity,metadata_verification_status,created_tx_hash,settled_tx_hash
805,https://api.degendogs.club/images/805.png,2026-08-16 17:38:09,2026-08-17 17:38:09,2026-08-17 17:38:09,0,,,,,live,4,3,0.00700000,0.01032000,@0xael.eth,https://farcaster.xyz/0xael.eth,0.00700000,2026-08-17 00:30:33,,,,,#383/681,onchain_token_uri_verified,0x55ae544798c956842c95c10b045b20db05f8c0507f37f428f2c85bf9d9862aaf,
804,https://api.degendogs.club/images/804.png,2026-08-15 17:34:41,2026-08-16 17:34:41,2026-08-16 17:37:45,1,2026-08-16 17:37:45,50056109,0x185d3ae6e61f5b7f04b6bf9774eea142075b58b80a6da3a0f24f9c213d67ce57,478,settled,6,4,0.00971,0.04643,@kzl27.eth,https://farcaster.xyz/kzl27.eth,0.00971,2026-08-16 17:32:45,@kzl27.eth,https://farcaster.xyz/kzl27.eth,0.00971,2026-08-16 17:38:09,#33/681,onchain_token_uri_verified,0xff4851ba4318d1a221f6f92f52048690ff494a398f8cb896c49ea9ae1a7cfbdb,0x55ae544798c956842c95c10b045b20db05f8c0507f37f428f2c85bf9d9862aaf
803,https://api.degendogs.club/images/803.png,2026-08-14 16:29:31,2026-08-15 16:29:31,2026-08-15 16:29:31,0,,,,,settled,1,1,0.007,0.007,@0xael.eth,https://farcaster.xyz/0xael.eth,0.007,2026-08-14 16:29:51,@0xael.eth,https://farcaster.xyz/0xael.eth,0.007,2026-08-15 17:34:41,#520/681,onchain_token_uri_verified,0x33dd9e51627f5ec5b6fdb45769352b4a527eb1fbf2b1ad36fd1de6e5ebb6bc4a,0xff4851ba4318d1a221f6f92f52048690ff494a398f8cb896c49ea9ae1a7cfbdb
802,https://api.degendogs.club/images/802.png,2026-08-13 16:04:03,2026-08-14 16:04:03,2026-08-14 16:04:03,0,,,,,settled,6,5,0.009,0.02545,@0xael.eth,https://farcaster.xyz/0xael.eth,0.009,2026-08-13 22:44:23,@0xael.eth,https://farcaster.xyz/0xael.eth,0.009,2026-08-14 16:29:31,#293/681,onchain_token_uri_verified,0x2ced1055219cd539147dc2127231d33c654322175fe33f050c755b8ed265f617,0x33dd9e51627f5ec5b6fdb45769352b4a527eb1fbf2b1ad36fd1de6e5ebb6bc4a
801,https://api.degendogs.club/images/801.png,2026-08-12 16:03:19,2026-08-13 16:03:19,2026-08-13 16:03:19,0,,,,,settled,1,1,0.007,0.007,@0xael.eth,https://farcaster.xyz/0xael.eth,0.007,2026-08-12 16:30:17,@0xael.eth,https://farcaster.xyz/0xael.eth,0.007,2026-08-13 16:04:03,#428/681,onchain_token_uri_verified,0x373ca217764a26d00c507d8b1eeb2506eba9683d26ce994884831357ed153ace,0x2ced1055219cd539147dc2127231d33c654322175fe33f050c755b8ed265f617
800,https://api.degendogs.club/images/800.png,2026-08-11 16:00:33,2026-08-12 16:00:33,2026-08-12 16:00:33,0,,,,,settled,2,2,0.008,0.009,@0xael.eth,https://farcaster.xyz/0xael.eth,0.008,2026-08-11 16:12:23,@0xael.eth,https://farcaster.xyz/0xael.eth,0.008,2026-08-12 16:03:19,#277/681,onchain_token_uri_verified,0x49aa883ad35fa60b66acef615f86e9fcdfa0fbd909d58d179d99baf51aacf626,0x373ca217764a26d00c507d8b1eeb2506eba9683d26ce994884831357ed153ace
799,https://api.degendogs.club/images/799.png,2026-08-10 15:53:45,2026-08-11 15:53:45,2026-08-11 16:00:23,2,2026-08-11 16:00:23,49837188,0x5eaf0e5bd2badee803194b9256510e4efd01f70adc14fd73b93d70c3d8e902e9,48,settled,3,3,0.00849,0.0232,@farcy,https://farcaster.xyz/farcy,0.00849,2026-08-11 15:55:23,@farcy,https://farcaster.xyz/farcy,0.00849,2026-08-11 16:00:33,#127/681,onchain_token_uri_verified,0xcfe7fd0dff6cc77fb9d08c8c1eedca95a44f070cf1798de70beeecdd2b83a878,0x49aa883ad35fa60b66acef615f86e9fcdfa0fbd909d58d179d99baf51aacf626
798,https://api.degendogs.club/images/798.png,2026-08-09 15:18:05,2026-08-10 15:18:05,2026-08-10 15:18:05,0,,,,,settled,1,1,0.008,0.008,@0xael.eth,https://farcaster.xyz/0xael.eth,0.008,2026-08-09 15:18:19,@0xael.eth,https://farcaster.xyz/0xael.eth,0.008,2026-08-10 15:53:45,#663/681,onchain_token_uri_verified,0x1674c1135f42c9c0ab506a1569153c1694368be4b5663441acaa77d9ae9e1ee4,0xcfe7fd0dff6cc77fb9d08c8c1eedca95a44f070cf1798de70beeecdd2b83a878
797,https://api.degendogs.club/images/797.png,2026-08-08 15:10:59,2026-08-09 15:10:59,2026-08-09 15:10:59,0,,,,,settled,1,1,0.008,0.008,@0xael.eth,https://farcaster.xyz/0xael.eth,0.008,2026-08-08 15:11:21,@0xael.eth,https://farcaster.xyz/0xael.eth,0.008,2026-08-09 15:18:05,#390/681,onchain_token_uri_verified,0x6be5fa9e2461aedd856f4fcb33f61e6ef6ec5613a930ed2a72be3686c8634f83,0x1674c1135f42c9c0ab506a1569153c1694368be4b5663441acaa77d9ae9e1ee4
796,https://api.degendogs.club/images/796.png,2026-08-07 15:00:27,2026-08-08 15:00:27,2026-08-08 15:00:27,0,,,,,settled,1,1,0.008,0.008,@0xael.eth,https://farcaster.xyz/0xael.eth,0.008,2026-08-07 15:00:45,@0xael.eth,https://farcaster.xyz/0xael.eth,0.008,2026-08-08 15:10:59,#200/681,onchain_token_uri_verified,0x1aef22ca486089151846f86bd0b2798d484639882de007e2b9a5702c7a10489a,0x6be5fa9e2461aedd856f4fcb33f61e6ef6ec5613a930ed2a72be3686c8634f83
795,https://api.degendogs.club/images/795.png,2026-08-06 14:47:19,2026-08-07 14:47:19,2026-08-07 14:47:19,0,,,,,settled,2,2,0.0088,0.0168,@cryptomill,https://farcaster.xyz/cryptomill,0.0088,2026-08-06 21:54:45,@cryptomill,https://farcaster.xyz/cryptomill,0.0088,2026-08-07 15:00:27,#225/681,onchain_token_uri_verified,0x0d6eae9072e7911d2af60814036bde5f71d30177c8802212259ad1becff15584,0x1aef22ca486089151846f86bd0b2798d484639882de007e2b9a5702c7a10489a
794,https://api.degendogs.club/images/794.png,2026-08-05 13:46:25,2026-08-06 13:46:25,2026-08-06 13:46:25,0,,,,,settled,1,1,0.009,0.009,@0xael.eth,https://farcaster.xyz/0xael.eth,0.009,2026-08-05 13:46:41,@0xael.eth,https://farcaster.xyz/0xael.eth,0.009,2026-08-06 14:47:19,#620/681,onchain_token_uri_verified,0xd11b7fe191d1f5b531321b448b57feb1a0f6278e6ebe13555db33e280b41361a,0x0d6eae9072e7911d2af60814036bde5f71d30177c8802212259ad1becff15584
793,https://api.degendogs.club/images/793.png,2026-08-04 13:42:27,2026-08-05 13:42:27,2026-08-05 13:42:27,0,,,,,settled,2,2,0.009,0.01,@0xael.eth,https://farcaster.xyz/0xael.eth,0.009,2026-08-04 14:16:17,@0xael.eth,https://farcaster.xyz/0xael.eth,0.009,2026-08-05 13:46:25,#575/681,onchain_token_uri_verified,0x4c3ae4b89ad742be9d0c96e7675662d6d626965cc18088d3d13408f36c881197,0xd11b7fe191d1f5b531321b448b57feb1a0f6278e6ebe13555db33e280b41361a
792,https://api.degendogs.club/images/792.png,2026-08-03 13:41:21,2026-08-04 13:41:21,2026-08-04 13:41:21,0,,,,,settled,2,2,0.01972,0.03764,@badadan,https://farcaster.xyz/badadan,0.01972,2026-08-04 13:33:05,@badadan,https://farcaster.xyz/badadan,0.01972,2026-08-04 13:42:27,#4/681,onchain_token_uri_verified,0xbdaf69a1e80659dec4dae46dad7d39b7bfa6d4e24a1be21fafbb4d7dc60425aa,0x4c3ae4b89ad742be9d0c96e7675662d6d626965cc18088d3d13408f36c881197
791,https://api.degendogs.club/images/791.png,2026-08-02 13:16:57,2026-08-03 13:16:57,2026-08-03 13:16:57,0,,,,,settled,1,1,0.009,0.009,@0xael.eth,https://farcaster.xyz/0xael.eth,0.009,2026-08-02 13:17:09,@0xael.eth,https://farcaster.xyz/0xael.eth,0.009,2026-08-03 13:41:21,#124/681,onchain_token_uri_verified,0x1d74738c07b1c9873d9123d5bf6e9715c898cae780d1766e6a7319065dad158f,0xbdaf69a1e80659dec4dae46dad7d39b7bfa6d4e24a1be21fafbb4d7dc60425aa
790,https://api.degendogs.club/images/790.png,2026-08-01 13:14:37,2026-08-02 13:14:37,2026-08-02 13:14:37,0,,,,,settled,1,1,0.01,0.01,@monicacline,https://farcaster.xyz/monicacline,0.01,2026-08-01 13:14:59,@monicacline,https://farcaster.xyz/monicacline,0.01,2026-08-02 13:16:57,#231/681,onchain_token_uri_verified,0x20e67a176bb9c09017b9ee5084aa59de53fe7341e6c613d055bce7a1357dbdca,0x1d74738c07b1c9873d9123d5bf6e9715c898cae780d1766e6a7319065dad158f
789,https://api.degendogs.club/images/789.png,2026-07-31 13:08:17,2026-08-01 13:08:17,2026-08-01 13:12:23,1,2026-08-01 13:12:23,49400148,0x757b3096d26747c6e706c2a60d545d157e14c4ede65b764edcb0ad94c62ab4b2,198,settled,5,4,0.013,0.04482,0xdfbf…73ca,https://basescan.org/address/0xdfbff2e5535a24e1c11b4c994f5eab08acd573ca,0.013,2026-08-01 13:07:23,0xdfbf…73ca,https://basescan.org/address/0xdfbff2e5535a24e1c11b4c994f5eab08acd573ca,0.013,2026-08-01 13:14:37,#594/681,onchain_token_uri_verified,0x619a4aa06b2ecbedcf51421cbb2f8cd9d4f329c61010299204c820a687b127d6,0x20e67a176bb9c09017b9ee5084aa59de53fe7341e6c613d055bce7a1357dbdca
788,https://api.degendogs.club/images/788.png,2026-07-30 07:13:57,2026-07-31 07:13:57,2026-07-31 07:13:57,0,,,,,settled,3,3,0.009,0.0111,@0xael.eth,https://farcaster.xyz/0xael.eth,0.009,2026-07-30 11:52:47,@0xael.eth,https://farcaster.xyz/0xael.eth,0.009,2026-07-31 13:08:17,#159/681,onchain_token_uri_verified,0x5a1ce3be30da436c9ac0dee38fb944587bfee4080483209c650f6fc010336711,0x619a4aa06b2ecbedcf51421cbb2f8cd9d4f329c61010299204c820a687b127d6
787,https://api.degendogs.club/images/787.png,2026-07-29 04:57:11,2026-07-30 04:57:11,2026-07-30 04:57:11,0,,,,,settled,3,3,0.00991,0.01991,@pare,https://farcaster.xyz/pare,0.00991,2026-07-30 02:58:21,@pare,https://farcaster.xyz/pare,0.00991,2026-07-30 07:13:57,#393/681,onchain_token_uri_verified,0xd717fe3449c4fd9aa9d14accc23cf031ffb4fa3bc0a13f2222c177949489832b,0x5a1ce3be30da436c9ac0dee38fb944587bfee4080483209c650f6fc010336711
786,https://api.degendogs.club/images/786.png,2026-07-28 04:48:37,2026-07-29 04:48:37,2026-07-29 04:48:37,0,,,,,settled,3,2,0.00991,0.01991,@cryptomill,https://farcaster.xyz/cryptomill,0.00991,2026-07-28 19:34:17,@cryptomill,https://farcaster.xyz/cryptomill,0.00991,2026-07-29 04:57:11,#145/681,onchain_token_uri_verified,0x5c4ff2815cba9be492056d6442bbcd0a90a33db5b2ad4894de39e9be80dd384c,0xd717fe3449c4fd9aa9d14accc23cf031ffb4fa3bc0a13f2222c177949489832b
785,https://api.degendogs.club/images/785.png,2026-07-26 23:16:45,2026-07-27 23:16:45,2026-07-27 23:16:45,0,,,,,settled,2,2,0.009,0.0099,@0xael.eth,https://farcaster.xyz/0xael.eth,0.009,2026-07-27 00:04:21,@0xael.eth,https://farcaster.xyz/0xael.eth,0.009,2026-07-28 04:48:37,#212/681,onchain_token_uri_verified,0x5ae1b1fba7d7af8bc46196d51c0c00ac16707cf4436a5ad155e8dd0fb655ab7f,0x5c4ff2815cba9be492056d6442bbcd0a90a33db5b2ad4894de39e9be80dd384c
784,https://api.degendogs.club/images/784.png,2026-07-25 23:05:51,2026-07-26 23:05:51,2026-07-26 23:05:51,0,,,,,settled,1,1,0.009,0.009,@0xael.eth,https://farcaster.xyz/0xael.eth,0.009,2026-07-25 23:06:11,@0xael.eth,https://farcaster.xyz/0xael.eth,0.009,2026-07-26 23:16:45,#588/681,onchain_token_uri_verified,0xdb1d5240404b12a1a4b21047e8db731f5af14e16f5dc59e437ba47febd448cb7,0x5ae1b1fba7d7af8bc46196d51c0c00ac16707cf4436a5ad155e8dd0fb655ab7f
783,https://api.degendogs.club/images/783.png,2026-07-24 22:52:45,2026-07-25 22:52:45,2026-07-25 22:57:11,1,2026-07-25 22:57:11,49115292,0xe2b45d77cba9d353d5ed326c1da2528fdf8d4a25dffcfb5149a11d064066890c,21,settled,4,4,0.00991,0.02101,@thec1,https://farcaster.xyz/thec1,0.00991,2026-07-25 22:52:11,@thec1,https://farcaster.xyz/thec1,0.00991,2026-07-25 23:05:51,#485/681,onchain_token_uri_verified,0xcc38bc09d7bee39f0c736d2b64a806692d70c6e5048e0a3f0d6efe616fd57859,0xdb1d5240404b12a1a4b21047e8db731f5af14e16f5dc59e437ba47febd448cb7
782,https://api.degendogs.club/images/782.png,2026-07-23 20:00:49,2026-07-24 20:00:49,2026-07-24 20:00:49,0,,,,,settled,1,1,0.009,0.009,@metasalary,https://farcaster.xyz/metasalary,0.009,2026-07-23 20:01:11,@metasalary,https://farcaster.xyz/metasalary,0.009,2026-07-24 22:52:45,#286/681,onchain_token_uri_verified,0x303b9eb444e869018cabc40ef307db251fab9175df2c8eb5f6b672c206d7522a,0xcc38bc09d7bee39f0c736d2b64a806692d70c6e5048e0a3f0d6efe616fd57859
781,https://api.degendogs.club/images/781.png,2026-07-22 16:56:19,2026-07-23 16:56:19,2026-07-23 16:56:19,0,,,,,settled,3,3,0.00991,0.01941,@cryptomill,https://farcaster.xyz/cryptomill,0.00991,2026-07-22 21:42:23,@cryptomill,https://farcaster.xyz/cryptomill,0.00991,2026-07-23 20:00:49,#567/681,onchain_token_uri_verified,0x30d888a4ef19c3a2c5b60bfe71f3f264ed79df6f2caa2b4aaafd2ceb0353072d,0x303b9eb444e869018cabc40ef307db251fab9175df2c8eb5f6b672c206d7522a
780,https://api.degendogs.club/images/780.png,2026-07-21 16:51:53,2026-07-22 16:51:53,2026-07-22 16:55:51,1,2026-07-22 16:55:51,48974852,0xc5f636612713a34642e8ed84c526abd14db4d8eac5fad6f2926efd73efe51baf,698,settled,3,3,0.00991,0.01991,0xde51…652c,https://basescan.org/address/0xde510683333096b200fd40dd068eb8f86772652c,0.00991,2026-07-22 16:50:51,0xde51…652c,https://basescan.org/address/0xde510683333096b200fd40dd068eb8f86772652c,0.00991,2026-07-22 16:56:19,#142/681,onchain_token_uri_verified,0xafa8ed8fa9b83e62f5397d325eeb12bf468b43c35cafde354da4c3ccf32cf9c4,0x30d888a4ef19c3a2c5b60bfe71f3f264ed79df6f2caa2b4aaafd2ceb0353072d
779,https://api.degendogs.club/images/779.png,2026-07-20 13:12:49,2026-07-21 13:12:49,2026-07-21 13:12:49,0,,,,,settled,2,2,0.00991,0.01891,@stemo.eth,https://farcaster.xyz/stemo.eth,0.00991,2026-07-20 17:59:43,@stemo.eth,https://farcaster.xyz/stemo.eth,0.00991,2026-07-21 16:51:53,#489/681,onchain_token_uri_verified,0xb64bce85a2b23d0c42f062bd0fff5d1959d02626a42dca37182e0ed4e74effd5,0xafa8ed8fa9b83e62f5397d325eeb12bf468b43c35cafde354da4c3ccf32cf9c4
778,https://api.degendogs.club/images/778.png,2026-07-19 13:04:07,2026-07-20 13:04:07,2026-07-20 13:06:17,1,2026-07-20 13:06:17,48881565,0x6a0d522fbf15fc5338b780962a26080d30114a1d9d0097c7c477f77dd112b631,351,settled,3,3,0.01091,0.02982,@thec1,https://farcaster.xyz/thec1,0.01091,2026-07-20 13:01:17,@thec1,https://farcaster.xyz/thec1,0.01091,2026-07-20 13:12:49,#392/681,onchain_token_uri_verified,0xc126c6bc78afe5234e4c55a8b3677f2d90b349154c793fcdf5154b0da016c948,0xb64bce85a2b23d0c42f062bd0fff5d1959d02626a42dca37182e0ed4e74effd5
777,https://api.degendogs.club/images/777.png,2026-07-18 12:58:15,2026-07-19 12:58:15,2026-07-19 12:59:37,1,2026-07-19 12:59:37,48838165,0xd1c5ae2401ee4c254f739c1afcb9388329a3f8149b0df179c478e45b697e402d,1,settled,2,2,0.00991,0.01891,@anotherplanet,https://farcaster.xyz/anotherplanet,0.00991,2026-07-19 12:54:37,@anotherplanet,https://farcaster.xyz/anotherplanet,0.00991,2026-07-19 13:04:07,#495/681,onchain_token_uri_verified,0xdb57f06e2c234e6f50def74eb9ccba6e5b0aed26c7d7af33ec80a30839e50858,0xc126c6bc78afe5234e4c55a8b3677f2d90b349154c793fcdf5154b0da016c948
776,https://api.degendogs.club/images/776.png,2026-07-17 12:36:45,2026-07-18 12:36:45,2026-07-18 12:36:45,0,,,,,settled,4,4,0.01091,0.03082,@metamorpheuz,https://farcaster.xyz/metamorpheuz,0.01091,2026-07-18 10:30:01,@metamorpheuz,https://farcaster.xyz/metamorpheuz,0.01091,2026-07-18 12:58:15,#619/681,onchain_token_uri_verified,0xef9f42e1f5283eed9451491457687b3ff40c37a99877a34e07310f0df2811c8b,0xdb57f06e2c234e6f50def74eb9ccba6e5b0aed26c7d7af33ec80a30839e50858
775,https://api.degendogs.club/images/775.png,2026-07-16 08:33:29,2026-07-17 08:33:29,2026-07-17 08:33:29,0,,,,,settled,2,2,0.009,0.0095,@0xael.eth,https://farcaster.xyz/0xael.eth,0.009,2026-07-16 10:20:51,@0xael.eth,https://farcaster.xyz/0xael.eth,0.009,2026-07-17 12:36:45,#530/681,onchain_token_uri_verified,0xac2ee26df84e83ff4205b1900b86790de8a16e554dd33c0da2bb3a6a6d615ef7,0xef9f42e1f5283eed9451491457687b3ff40c37a99877a34e07310f0df2811c8b
774,https://api.degendogs.club/images/774.png,2026-07-15 08:24:57,2026-07-16 08:24:57,2026-07-16 08:24:57,0,,,,,settled,2,2,0.01,0.0105,@0xael.eth,https://farcaster.xyz/0xael.eth,0.01,2026-07-15 10:19:31,@0xael.eth,https://farcaster.xyz/0xael.eth,0.01,2026-07-16 08:33:29,#501/681,onchain_token_uri_verified,0xf77b5f841a356999789f5251af2e4a73adbecf3ad8632ad9a6ef1ff84a936c88,0xac2ee26df84e83ff4205b1900b86790de8a16e554dd33c0da2bb3a6a6d615ef7
773,https://api.degendogs.club/images/773.png,2026-07-14 08:09:49,2026-07-15 08:09:49,2026-07-15 08:09:49,0,,,,,settled,1,1,0.01,0.01,@0xael.eth,https://farcaster.xyz/0xael.eth,0.01,2026-07-14 10:11:47,@0xael.eth,https://farcaster.xyz/0xael.eth,0.01,2026-07-15 08:24:57,#661/681,onchain_token_uri_verified,0x52d795a2d9a33b52f0abf4edd396ee10994f66ff90d51098836524dacd43732a,0xf77b5f841a356999789f5251af2e4a73adbecf3ad8632ad9a6ef1ff84a936c88
772,https://api.degendogs.club/images/772.png,2026-07-13 08:03:57,2026-07-14 08:03:57,2026-07-14 08:06:53,1,2026-07-14 08:06:53,48613383,0x88792dc50b461a8e5ec9ee0856ec2277c2606f650c51bb6fa115f48de5e6557c,308,settled,4,4,0.011,0.0231,0xf080…74ae,https://basescan.org/address/0xf0807da85b2af462edd8a1855f4d301fba1f74ae,0.011,2026-07-14 08:01:53,0xf080…74ae,https://basescan.org/address/0xf0807da85b2af462edd8a1855f4d301fba1f74ae,0.011,2026-07-14 08:09:49,#570/681,onchain_token_uri_verified,0x6e3a7d2b67efefbeaf5a8e4deec6613a7345149d19a7fb85c670a99b19924047,0x52d795a2d9a33b52f0abf4edd396ee10994f66ff90d51098836524dacd43732a
771,https://api.degendogs.club/images/771.png,2026-07-12 06:05:59,2026-07-13 06:05:59,2026-07-13 06:05:59,0,,,,,settled,4,3,0.011,0.02359,@cryptomill,https://farcaster.xyz/cryptomill,0.011,2026-07-12 21:17:05,@cryptomill,https://farcaster.xyz/cryptomill,0.011,2026-07-13 08:03:57,#325/681,onchain_token_uri_verified,0x37b9fec49e7488cc0d96122832b2b37117a671002e0c90f3b4505313df27571c,0x6e3a7d2b67efefbeaf5a8e4deec6613a7345149d19a7fb85c670a99b19924047
770,https://api.degendogs.club/images/770.png,2026-07-11 06:03:31,2026-07-12 06:03:31,2026-07-12 06:03:31,0,,,,,settled,5,5,0.011,0.02432,@vaibhavmule,https://farcaster.xyz/vaibhavmule,0.011,2026-07-11 11:36:41,@vaibhavmule,https://farcaster.xyz/vaibhavmule,0.011,2026-07-12 06:05:59,#532/681,onchain_token_uri_verified,0x45aba473ff2f7f54ccc27368a2af4f04df5983cad4c77caceb9caa10fe37ce73,0x37b9fec49e7488cc0d96122832b2b37117a671002e0c90f3b4505313df27571c
769,https://api.degendogs.club/images/769.png,2026-07-10 05:14:19,2026-07-11 05:14:19,2026-07-11 05:14:19,0,,,,,settled,2,2,0.01,0.011,@0xael.eth,https://farcaster.xyz/0xael.eth,0.01,2026-07-10 11:30:13,@0xael.eth,https://farcaster.xyz/0xael.eth,0.01,2026-07-11 06:03:31,#45/681,onchain_token_uri_verified,0x095e1d5d11e59bd08478e53004aa6fa70e2a2cf2f811cc7fb66c715de6637d6c,0x45aba473ff2f7f54ccc27368a2af4f04df5983cad4c77caceb9caa10fe37ce73
768,https://api.degendogs.club/images/768.png,2026-07-09 05:07:55,2026-07-10 05:07:55,2026-07-10 05:07:55,0,,,,,settled,3,3,0.01,0.0121,@0xael.eth,https://farcaster.xyz/0xael.eth,0.01,2026-07-09 17:27:01,@0xael.eth,https://farcaster.xyz/0xael.eth,0.01,2026-07-10 05:14:19,#197/681,onchain_token_uri_verified,0x945b96765a8093e54c9446c5b0a9a333c14d46fc707c2de0bbf349db71e8d771,0x095e1d5d11e59bd08478e53004aa6fa70e2a2cf2f811cc7fb66c715de6637d6c
767,https://api.degendogs.club/images/767.png,2026-07-08 04:45:43,2026-07-09 04:45:43,2026-07-09 04:45:43,0,,,,,settled,2,2,0.01,0.011,@0xael.eth,https://farcaster.xyz/0xael.eth,0.01,2026-07-08 11:03:53,@0xael.eth,https://farcaster.xyz/0xael.eth,0.01,2026-07-09 05:07:55,#506/681,onchain_token_uri_verified,0x165715aae0a3bea17571a6a2bdfaef210ac96405659531aa6a617d084e0e58e4,0x945b96765a8093e54c9446c5b0a9a333c14d46fc707c2de0bbf349db71e8d771
766,https://api.degendogs.club/images/766.png,2026-07-07 02:32:27,2026-07-08 02:32:27,2026-07-08 02:32:27,0,,,,,settled,5,5,0.011,0.02432,@cryptomill,https://farcaster.xyz/cryptomill,0.011,2026-07-07 17:07:23,@cryptomill,https://farcaster.xyz/cryptomill,0.011,2026-07-08 04:45:43,#541/681,onchain_token_uri_verified,0x831477171c3078bbd26fa363ccdf7e94ef7f054876e9e51457f2fd2e1437511f,0x165715aae0a3bea17571a6a2bdfaef210ac96405659531aa6a617d084e0e58e4
765,https://api.degendogs.club/images/765.png,2026-07-06 02:22:31,2026-07-07 02:22:31,2026-07-07 02:22:31,0,,,,,settled,3,3,0.01,0.01189,@0xael.eth,https://farcaster.xyz/0xael.eth,0.01,2026-07-06 09:14:41,@0xael.eth,https://farcaster.xyz/0xael.eth,0.01,2026-07-07 02:32:27,#280/681,onchain_token_uri_verified,0x42b12171c799122e0875a6b8ad1de8baa324d585ed86d850d4b967669767c38b,0x831477171c3078bbd26fa363ccdf7e94ef7f054876e9e51457f2fd2e1437511f
764,https://api.degendogs.club/images/764.png,2026-07-05 02:20:03,2026-07-06 02:20:03,2026-07-06 02:21:01,1,2026-07-06 02:21:01,48257407,0xe9f06b6d80c4250478ee730e019f79a06d7757b2214fa7140aee8b0d8763bd5b,174,settled,4,4,0.011,0.0231,@bitcoinvestor,https://farcaster.xyz/bitcoinvestor,0.011,2026-07-06 02:16:01,@bitcoinvestor,https://farcaster.xyz/bitcoinvestor,0.011,2026-07-06 02:22:31,#126/681,onchain_token_uri_verified,0x10f7632974ebe67d07e3d55c8ee1525470c58bf928edf18c116b74489d0d1813,0x42b12171c799122e0875a6b8ad1de8baa324d585ed86d850d4b967669767c38b
763,https://api.degendogs.club/images/763.png,2026-07-04 02:16:27,2026-07-05 02:16:27,2026-07-05 02:19:39,1,2026-07-05 02:19:39,48214166,0x785dd33d28df579bbb07212df418429949a836ccb55b065cb5b3d0310139c9db,309,settled,6,5,0.0121,0.03642,0x1621…e3f7,https://basescan.org/address/0x16219b2c3a11c5833ace1a8b9ddf64c48ddbe3f7,0.0121,2026-07-05 02:14:39,0x1621…e3f7,https://basescan.org/address/0x16219b2c3a11c5833ace1a8b9ddf64c48ddbe3f7,0.0121,2026-07-05 02:20:03,#64/681,onchain_token_uri_verified,0x9bbc60e8d2c19e174533f6fc5337d60cd4bd336c49585dde92b4be07aa793d3e,0x10f7632974ebe67d07e3d55c8ee1525470c58bf928edf18c116b74489d0d1813
762,https://api.degendogs.club/images/762.png,2026-07-03 02:10:29,2026-07-04 02:10:29,2026-07-04 02:10:29,0,,,,,settled,7,5,0.00934,0.0403,@badadan,https://farcaster.xyz/badadan,0.00934,2026-07-04 01:41:39,@badadan,https://farcaster.xyz/badadan,0.00934,2026-07-04 02:16:27,#636/681,onchain_token_uri_verified,0xda84fff479298b5f0d6515d6e1986d43537ca5251d2dde5bf5a8850c2cd9e1c5,0x9bbc60e8d2c19e174533f6fc5337d60cd4bd336c49585dde92b4be07aa793d3e
761,https://api.degendogs.club/images/761.png,2026-07-02 01:56:55,2026-07-03 01:56:55,2026-07-03 01:56:55,0,,,,,settled,3,3,0.011,0.0131,@aliyaindah,https://farcaster.xyz/aliyaindah,0.011,2026-07-02 03:53:53,@aliyaindah,https://farcaster.xyz/aliyaindah,0.011,2026-07-03 02:10:29,#470/681,onchain_token_uri_verified,0x280586b0d9c4847d5503e4022a84578c8d8a9340722f4b1310069f3b1e5b98e2,0xda84fff479298b5f0d6515d6e1986d43537ca5251d2dde5bf5a8850c2cd9e1c5
760,https://api.degendogs.club/images/760.png,2026-07-01 00:25:21,2026-07-02 00:25:21,2026-07-02 00:25:21,0,,,,,settled,8,6,0.011,0.05961,@pare,https://farcaster.xyz/pare,0.011,2026-07-01 17:02:01,@pare,https://farcaster.xyz/pare,0.011,2026-07-02 01:56:55,#389/681,onchain_token_uri_verified,0x48ac70df96f6399d8dccc0fe67905e04741693df3c54b1c4b7e52f35fb7c980a,0x280586b0d9c4847d5503e4022a84578c8d8a9340722f4b1310069f3b1e5b98e2
759,https://api.degendogs.club/images/759.png,2026-06-30 00:23:19,2026-07-01 00:23:19,2026-07-01 00:23:19,0,,,,,settled,3,3,0.01025,0.02802,@skunkape,https://farcaster.xyz/skunkape,0.01025,2026-06-30 15:34:55,@skunkape,https://farcaster.xyz/skunkape,0.01025,2026-07-01 00:25:21,#597/681,onchain_token_uri_verified,0xd793116fb85654f7005c236ea9f6cb26b309dfcc10ed6c2c9742a878ad4d0b2b,0x48ac70df96f6399d8dccc0fe67905e04741693df3c54b1c4b7e52f35fb7c980a
758,https://api.degendogs.club/images/758.png,2026-06-29 00:22:15,2026-06-30 00:22:15,2026-06-30 00:22:43,1,2026-06-30 00:22:43,47994658,0xe2e2304ccbb6dcc075caa1ab693aea97b0b3730cfed25dc3d1c7b3b3d8148973,363,settled,5,5,0.01241,0.05171,0x1621…e3f7,https://basescan.org/address/0x16219b2c3a11c5833ace1a8b9ddf64c48ddbe3f7,0.01241,2026-06-30 00:17:43,0x1621…e3f7,https://basescan.org/address/0x16219b2c3a11c5833ace1a8b9ddf64c48ddbe3f7,0.01241,2026-06-30 00:23:19,#271/681,onchain_token_uri_verified,0x5040ee424f02d0ac0375132b82947011ed1a44a4af97a31d60090f79a0883af3,0xd793116fb85654f7005c236ea9f6cb26b309dfcc10ed6c2c9742a878ad4d0b2b
757,https://api.degendogs.club/images/757.png,2026-06-28 00:20:29,2026-06-29 00:20:29,2026-06-29 00:21:29,1,2026-06-29 00:21:29,47951421,0x66fd3200f8f2998d9ee3d771a8bb4f85ff374fd4de24a1857d15d2919591d120,534,settled,4,4,0.01331,0.04641,@biang-kerok.eth,https://farcaster.xyz/biang-kerok.eth,0.01331,2026-06-29 00:16:29,@biang-kerok.eth,https://farcaster.xyz/biang-kerok.eth,0.01331,2026-06-29 00:22:15,#460/681,onchain_token_uri_verified,0x9ca227d479c9f5edff69d4657e60950e8d5f8d856b1c1fbf53926a272660fd33,0x5040ee424f02d0ac0375132b82947011ed1a44a4af97a31d60090f79a0883af3
756,https://api.degendogs.club/images/756.png,2026-06-27 00:07:53,2026-06-28 00:07:53,2026-06-28 00:07:53,0,,,,,settled,3,3,0.0121,0.0331,@pare,https://farcaster.xyz/pare,0.0121,2026-06-27 22:17:07,@pare,https://farcaster.xyz/pare,0.0121,2026-06-28 00:20:29,#502/681,onchain_token_uri_verified,0x385cd68c920993b203f468de8d664a906a09842b9069badd2f7d25d880fa3ecb,0x9ca227d479c9f5edff69d4657e60950e8d5f8d856b1c1fbf53926a272660fd33
755,https://api.degendogs.club/images/755.png,2026-06-25 23:57:17,2026-06-26 23:57:17,2026-06-26 23:57:17,0,,,,,settled,4,3,0.01119,0.039,@oddlyaugmented.eth,https://farcaster.xyz/oddlyaugmented.eth,0.01119,2026-06-26 19:42:27,@oddlyaugmented.eth,https://farcaster.xyz/oddlyaugmented.eth,0.01119,2026-06-27 00:07:53,#513/681,onchain_token_uri_verified,0xd6a59a3e7ddc61ef44ecd1844636fe7feb78422132d25208828cba832496c088,0x385cd68c920993b203f468de8d664a906a09842b9069badd2f7d25d880fa3ecb
754,https://api.degendogs.club/images/754.png,2026-06-24 23:57:01,2026-06-25 23:57:01,2026-06-25 23:57:01,0,,,,,settled,3,3,0.0121,0.0331,@metasalary,https://farcaster.xyz/metasalary,0.0121,2026-06-25 23:16:25,@metasalary,https://farcaster.xyz/metasalary,0.0121,2026-06-25 23:57:17,#333/681,onchain_token_uri_verified,0xba2fca59c5b501a4ae213c27ca29e93ae35f1c87d21cae258538575e3a6f71a2,0xd6a59a3e7ddc61ef44ecd1844636fe7feb78422132d25208828cba832496c088
753,https://api.degendogs.club/images/753.png,2026-06-23 23:56:45,2026-06-24 23:56:45,2026-06-24 23:56:45,0,,,,,settled,6,6,0.01331,0.05061,@melinoe,https://farcaster.xyz/melinoe,0.01331,2026-06-24 23:44:11,@melinoe,https://farcaster.xyz/melinoe,0.01331,2026-06-24 23:57:01,#314/681,onchain_token_uri_verified,0x9a5d8b906d0c97149ce1c37d8446d9007d2e3e5b981fc7e2f83aea67bed94721,0xba2fca59c5b501a4ae213c27ca29e93ae35f1c87d21cae258538575e3a6f71a2
752,https://api.degendogs.club/images/752.png,2026-06-22 23:53:31,2026-06-23 23:53:31,2026-06-23 23:53:31,0,,,,,settled,3,3,0.011,0.0275,@skunkape,https://farcaster.xyz/skunkape,0.011,2026-06-23 12:52:43,@skunkape,https://farcaster.xyz/skunkape,0.011,2026-06-23 23:56:45,#458/681,onchain_token_uri_verified,0x079ea047139f0f2dda951244d80d99ba01d68312df2f982896aaf8a4aa639d55,0x9a5d8b906d0c97149ce1c37d8446d9007d2e3e5b981fc7e2f83aea67bed94721
751,https://api.degendogs.club/images/751.png,2026-06-21 23:51:37,2026-06-22 23:51:37,2026-06-22 23:51:37,0,,,,,settled,4,4,0.00801,0.0279,@cryptomill,https://farcaster.xyz/cryptomill,0.00801,2026-06-22 20:11:49,@cryptomill,https://farcaster.xyz/cryptomill,0.00801,2026-06-22 23:53:31,#297/681,onchain_token_uri_verified,0xc96ed34b6e1c03c8a3488293cb9cf09e904d39a08372bcbdcd9f1498af848671,0x079ea047139f0f2dda951244d80d99ba01d68312df2f982896aaf8a4aa639d55
750,https://api.degendogs.club/images/750.png,2026-06-20 23:46:57,2026-06-21 23:46:57,2026-06-21 23:46:57,0,,,,,settled,8,7,0.011,0.03651,@bitcoinvestor,https://farcaster.xyz/bitcoinvestor,0.011,2026-06-21 23:18:23,@bitcoinvestor,https://farcaster.xyz/bitcoinvestor,0.011,2026-06-21 23:51:37,#521/681,onchain_token_uri_verified,0x06a2638c8a99093b7b94876cfd9dea8b8afee0987b547f4f2c582fe6997a9c86,0xc96ed34b6e1c03c8a3488293cb9cf09e904d39a08372bcbdcd9f1498af848671
749,https://api.degendogs.club/images/749.png,2026-06-19 23:46:43,2026-06-20 23:46:43,2026-06-20 23:46:43,0,,,,,settled,10,7,0.01111,0.03272,@zenonseeker,https://farcaster.xyz/zenonseeker,0.01111,2026-06-20 23:24:27,@zenonseeker,https://farcaster.xyz/zenonseeker,0.01111,2026-06-20 23:46:57,#66/681,onchain_token_uri_verified,0x443718ae7bd0fb61d8c769e23c51bcb7c210b1314dbdeafbfb42d18acc5452e1,0x06a2638c8a99093b7b94876cfd9dea8b8afee0987b547f4f2c582fe6997a9c86
748,https://api.degendogs.club/images/748.png,2026-06-18 23:42:15,2026-06-19 23:42:15,2026-06-19 23:46:07,1,2026-06-19 23:46:07,47561560,0x6a5e7c92fb1bed050c515b8e135eaa67cbe6231ffbe0f2cc05f264155600c14f,7,settled,4,3,0.0121,0.0336,@i-am-rael.eth,https://farcaster.xyz/i-am-rael.eth,0.0121,2026-06-19 23:41:07,@i-am-rael.eth,https://farcaster.xyz/i-am-rael.eth,0.0121,2026-06-19 23:46:43,#529/681,onchain_token_uri_verified,0xd97500777959b9bf1c95f1830c1ebb1f35c97ab8b5c0663556a286366962355d,0x443718ae7bd0fb61d8c769e23c51bcb7c210b1314dbdeafbfb42d18acc5452e1
747,https://api.degendogs.club/images/747.png,2026-06-17 23:41:57,2026-06-18 23:41:57,2026-06-18 23:41:57,0,,,,,settled,13,9,0.011,0.0343,@i-am-rael.eth,https://farcaster.xyz/i-am-rael.eth,0.011,2026-06-18 22:54:35,@i-am-rael.eth,https://farcaster.xyz/i-am-rael.eth,0.011,2026-06-18 23:42:15,#455/681,onchain_token_uri_verified,0x3841b0127ae4bbf29a2be4a253f80958a2b213a7c68bcb9f914b3f811637c3ed,0xd97500777959b9bf1c95f1830c1ebb1f35c97ab8b5c0663556a286366962355d
746,https://api.degendogs.club/images/746.png,2026-06-16 23:27:35,2026-06-17 23:27:35,2026-06-17 23:31:07,1,2026-06-17 23:31:07,47474710,0xac6875c75b2dcfcff72f114fb06cf960ca7e1a54aab9de65a729205570218930,125,settled,10,7,0.01331,0.05432,@bitcoinvestor,https://farcaster.xyz/bitcoinvestor,0.01331,2026-06-17 23:26:07,@bitcoinvestor,https://farcaster.xyz/bitcoinvestor,0.01331,2026-06-17 23:41:57,#252/681,onchain_token_uri_verified,0xf27d50bf338277785b52bd065e9fc05ecaa19e12a83856ada4503222527d8c8a,0x3841b0127ae4bbf29a2be4a253f80958a2b213a7c68bcb9f914b3f811637c3ed
745,https://api.degendogs.club/images/745.png,2026-06-15 23:27:09,2026-06-16 23:27:09,2026-06-16 23:27:09,0,,,,,settled,7,5,0.01774,0.09492,@metasalary,https://farcaster.xyz/metasalary,0.01774,2026-06-16 23:19:39,@metasalary,https://farcaster.xyz/metasalary,0.01774,2026-06-16 23:27:35,#134/681,onchain_token_uri_verified,0x3cf9a5947948a0cb253deba62f26eb76a17998c05106f6911bd31eff4e6beb05,0xf27d50bf338277785b52bd065e9fc05ecaa19e12a83856ada4503222527d8c8a
744,https://api.degendogs.club/images/744.png,2026-06-14 23:26:39,2026-06-15 23:26:39,2026-06-15 23:26:39,0,,,,,settled,2,2,0.0258,0.04925,@badadan,https://farcaster.xyz/badadan,0.0258,2026-06-14 23:54:55,@badadan,https://farcaster.xyz/badadan,0.0258,2026-06-15 23:27:09,#546/681,onchain_token_uri_verified,0x369575f08715525c9abe7377c6ba6f6e43efe25556e593e1c437bc4e35108a4f,0x3cf9a5947948a0cb253deba62f26eb76a17998c05106f6911bd31eff4e6beb05
743,https://api.degendogs.club/images/743.png,2026-06-13 21:37:25,2026-06-14 21:37:25,2026-06-14 21:40:47,1,2026-06-14 21:40:47,47341800,0x6ca3f1f577a7c30e3a0e6120e90a38b6452e7c3822d5238ccb708a95940969dc,114,settled,3,3,0.0269,0.07357,@cryptomill,https://farcaster.xyz/cryptomill,0.0269,2026-06-14 21:35:47,@cryptomill,https://farcaster.xyz/cryptomill,0.0269,2026-06-14 23:26:39,#377/681,onchain_token_uri_verified,0x046eada99fa3f17b70beb4f1d7656542840d39946fe013118aafb7823b74d45e,0x369575f08715525c9abe7377c6ba6f6e43efe25556e593e1c437bc4e35108a4f
742,https://api.degendogs.club/images/742.png,2026-06-12 21:31:21,2026-06-13 21:31:21,2026-06-13 21:36:47,3,2026-06-13 21:36:47,47298480,0x8a3d995c3d2cf2b74afa0c3c5a4748d6dd561b29b000239271f106004747ff83,307,settled,8,6,0.02996,0.16138,@i-am-rael.eth,https://farcaster.xyz/i-am-rael.eth,0.02996,2026-06-13 21:31:47,@i-am-rael.eth,https://farcaster.xyz/i-am-rael.eth,0.02996,2026-06-13 21:37:25,#264/681,onchain_token_uri_verified,0xada3a1c3bb70bc482da450e40bf806ee96e7b60025ffe4fff1ed9618017af9f6,0x046eada99fa3f17b70beb4f1d7656542840d39946fe013118aafb7823b74d45e
741,https://api.degendogs.club/images/741.png,2026-06-11 21:16:27,2026-06-12 21:16:27,2026-06-12 21:31:07,8,2026-06-12 21:31:07,47255110,0x0a6e861832379a52b1c4bb14785160b95073a9a38def6e032e0c79bfc123a25a,333,settled,16,7,0.026,0.20396,@badadan,https://farcaster.xyz/badadan,0.026,2026-06-12 21:26:07,@badadan,https://farcaster.xyz/badadan,0.026,2026-06-12 21:31:21,#668/681,onchain_token_uri_verified,0x76e2dcf7e8e958ec13d559b6c2dd74e49fc7e12a94b0ac2cf5d91c6a2c40c0e6,0xada3a1c3bb70bc482da450e40bf806ee96e7b60025ffe4fff1ed9618017af9f6
740,https://api.degendogs.club/images/740.png,2026-06-10 21:15:59,2026-06-11 21:15:59,2026-06-11 21:15:59,0,,,,,settled,1,1,0.0276,0.0276,@stemo.eth,https://farcaster.xyz/stemo.eth,0.0276,2026-06-10 21:16:31,@stemo.eth,https://farcaster.xyz/stemo.eth,0.0276,2026-06-11 21:16:27,#272/681,onchain_token_uri_verified,0xb3fb7233efcbcce6930ac3f71193b168172c2a1c4aaf3bf9024004da3d248aa4,0x76e2dcf7e8e958ec13d559b6c2dd74e49fc7e12a94b0ac2cf5d91c6a2c40c0e6
739,https://api.degendogs.club/images/739.png,2026-06-09 20:37:53,2026-06-10 20:37:53,2026-06-10 20:37:53,0,,,,,settled,3,3,0.033,0.0895,@kenshiking.eth,https://farcaster.xyz/kenshiking.eth,0.033,2026-06-10 20:15:53,@kenshiking.eth,https://farcaster.xyz/kenshiking.eth,0.033,2026-06-10 21:15:59,#319/681,onchain_token_uri_verified,0xab40afc2427ed2399b2c30ba0f9e080475f450431bc77253e4fdd53823dfee2e,0xb3fb7233efcbcce6930ac3f71193b168172c2a1c4aaf3bf9024004da3d248aa4
738,https://api.degendogs.club/images/738.png,2026-06-08 20:15:03,2026-06-09 20:15:03,2026-06-09 20:15:03,0,,,,,settled,4,4,0.033,0.0901,@kenshiking.eth,https://farcaster.xyz/kenshiking.eth,0.033,2026-06-09 20:01:05,@kenshiking.eth,https://farcaster.xyz/kenshiking.eth,0.033,2026-06-09 20:37:53,#618/681,onchain_token_uri_verified,0xc3376e2b92c0b20596c147156364b7dadb8a9ed220589d7baa352868c0a2059a,0xab40afc2427ed2399b2c30ba0f9e080475f450431bc77253e4fdd53823dfee2e
737,https://api.degendogs.club/images/737.png,2026-06-07 20:10:25,2026-06-08 20:10:25,2026-06-08 20:14:45,1,2026-06-08 20:14:45,47080019,0x1554b33ab7a11775fba80370abb35263614d94e11937a8803ac44b36a0c0231b,449,settled,4,4,0.03631,0.11221,0xa9b0…03e3,https://basescan.org/address/0xa9b0ff77f30d9876378a94155d2153caa68e03e3,0.03631,2026-06-08 20:09:45,0xa9b0…03e3,https://basescan.org/address/0xa9b0ff77f30d9876378a94155d2153caa68e03e3,0.03631,2026-06-08 20:15:03,#509/681,onchain_token_uri_verified,0xbfff6165d41f2161ea16b201afbeab2fd7664f4dcb5aab34b637bc78540777e3,0xc3376e2b92c0b20596c147156364b7dadb8a9ed220589d7baa352868c0a2059a
736,https://api.degendogs.club/images/736.png,2026-06-06 20:03:33,2026-06-07 20:03:33,2026-06-07 20:07:17,2,2026-06-07 20:07:17,47036595,0x5b14503876ca7239a784f9087a4c02793806576d1bbe02897bf759217277e17f,462,settled,8,4,0.02662,0.15538,@thec1,https://farcaster.xyz/thec1,0.02662,2026-06-07 20:02:17,@thec1,https://farcaster.xyz/thec1,0.02662,2026-06-07 20:10:25,#605/681,onchain_token_uri_verified,0xa13ad52105ce694def92986e14fe3180f65545fa93a778bedff4bf4988b4768c,0xbfff6165d41f2161ea16b201afbeab2fd7664f4dcb5aab34b637bc78540777e3
735,https://api.degendogs.club/images/735.png,2026-06-05 20:03:17,2026-06-06 20:03:17,2026-06-06 20:03:17,0,,,,,settled,4,2,0.03995,0.13926,@i-am-rael.eth,https://farcaster.xyz/i-am-rael.eth,0.03995,2026-06-06 15:52:45,@i-am-rael.eth,https://farcaster.xyz/i-am-rael.eth,0.03995,2026-06-06 20:03:33,#230/681,onchain_token_uri_verified,0x9749ec39c2944be8d6d397b092343309a0c898c6fd4dbe17d125e81f4b43a995,0xa13ad52105ce694def92986e14fe3180f65545fa93a778bedff4bf4988b4768c
734,https://api.degendogs.club/images/734.png,2026-06-04 19:59:03,2026-06-05 19:59:03,2026-06-05 19:59:03,0,,,,,settled,2,2,0.0369,0.0379,@staraptor.eth,https://farcaster.xyz/staraptor.eth,0.0369,2026-06-04 21:20:15,@staraptor.eth,https://farcaster.xyz/staraptor.eth,0.0369,2026-06-05 20:03:17,#446/681,onchain_token_uri_verified,0xb864369f5fc13c61f435ee5eb579a0f367ad1fe99ee3e054ea44fad15b62c36f,0x9749ec39c2944be8d6d397b092343309a0c898c6fd4dbe17d125e81f4b43a995
733,https://api.degendogs.club/images/733.png,2026-06-03 19:41:49,2026-06-04 19:41:49,2026-06-04 19:41:49,0,,,,,settled,6,6,0.044,0.06867,@pare,https://farcaster.xyz/pare,0.044,2026-06-04 13:26:01,@pare,https://farcaster.xyz/pare,0.044,2026-06-04 19:59:03,#473/681,onchain_token_uri_verified,0x7ddb6db404da5c3fef65fcb24c2dab093b366a522b98407c003c2b436e10c8d4,0xb864369f5fc13c61f435ee5eb579a0f367ad1fe99ee3e054ea44fad15b62c36f
732,https://api.degendogs.club/images/732.png,2026-06-02 19:37:21,2026-06-03 19:37:21,2026-06-03 19:40:43,1,2026-06-03 19:40:43,46862998,0x2197f912989dfe6ba63a74d73e12e83040e5bac67215980bc7050410fef54e7d,438,settled,10,6,0.05324,0.27764,@floam,https://farcaster.xyz/floam,0.05324,2026-06-03 19:35:43,@floam,https://farcaster.xyz/floam,0.05324,2026-06-03 19:41:49,#176/681,onchain_token_uri_verified,0x8a398db0067b29efc0a8cb676b7d27a32e02b381d55dd275c983b6d62fe813db,0x7ddb6db404da5c3fef65fcb24c2dab093b366a522b98407c003c2b436e10c8d4
731,https://api.degendogs.club/images/731.png,2026-06-01 19:24:33,2026-06-02 19:24:33,2026-06-02 19:34:19,7,2026-06-02 19:34:19,46819606,0x7a59b49727c2451fbae2550f2904ed55a9d8c935c9eabf7e043048e8adddd00d,118,settled,16,10,0.04311,0.35023,@shalexvivek,https://farcaster.xyz/shalexvivek,0.04311,2026-06-02 19:29:19,@shalexvivek,https://farcaster.xyz/shalexvivek,0.04311,2026-06-02 19:37:21,#55/681,onchain_token_uri_verified,0xb94452d9c31d47ee4129c1043fbd00a92ead7169fb17b285b52502a2fc6b37b2,0x8a398db0067b29efc0a8cb676b7d27a32e02b381d55dd275c983b6d62fe813db
730,https://api.degendogs.club/images/730.png,2026-05-31 19:12:29,2026-06-01 19:12:29,2026-06-01 19:16:05,1,2026-06-01 19:16:05,46775859,0xfb210ca207028cfc79809d17cb1fd7611f8fee391454ba9b04cd10622da38001,372,settled,2,2,0.011,0.021,@badadan,https://farcaster.xyz/badadan,0.011,2026-06-01 19:11:05,@badadan,https://farcaster.xyz/badadan,0.011,2026-06-01 19:24:33,#88/681,onchain_token_uri_verified,0xab978626dd79d6e4a1f50f3dbd926b1309ca3a9f70c4134a2211a4a33fa016e8,0xb94452d9c31d47ee4129c1043fbd00a92ead7169fb17b285b52502a2fc6b37b2
729,https://api.degendogs.club/images/729.png,2026-05-30 18:40:09,2026-05-31 18:40:09,2026-05-31 18:40:09,0,,,,,settled,1,1,0.01,0.01,@0xael.eth,https://farcaster.xyz/0xael.eth,0.01,2026-05-30 18:40:23,@0xael.eth,https://farcaster.xyz/0xael.eth,0.01,2026-05-31 19:12:29,#564/681,onchain_token_uri_verified,0xa10214d0aaaabc3ea3808e9d7f68ac72b429ac4380a04ff690e2db428d9d31f0,0xab978626dd79d6e4a1f50f3dbd926b1309ca3a9f70c4134a2211a4a33fa016e8
728,https://api.degendogs.club/images/728.png,2026-05-29 18:38:33,2026-05-30 18:38:33,2026-05-30 18:38:33,0,,,,,settled,3,3,0.0121,0.0331,@vaibhavmule,https://farcaster.xyz/vaibhavmule,0.0121,2026-05-30 18:33:17,@vaibhavmule,https://farcaster.xyz/vaibhavmule,0.0121,2026-05-30 18:40:09,#660/681,onchain_token_uri_verified,0xf1ac12f56899a62ccb24f5686d1ef99245045b0b389912b2dd7b2b2dec17f34f,0xa10214d0aaaabc3ea3808e9d7f68ac72b429ac4380a04ff690e2db428d9d31f0
727,https://api.degendogs.club/images/727.png,2026-05-28 18:36:55,2026-05-29 18:36:55,2026-05-29 18:36:55,0,,,,,settled,3,3,0.011,0.022,@floam,https://farcaster.xyz/floam,0.011,2026-05-29 13:51:53,@floam,https://farcaster.xyz/floam,0.011,2026-05-29 18:38:33,#242/681,onchain_token_uri_verified,0xf9541014ebee8c7c90b9ba3bc511c9e80f167d3b0a90abc747b58ac2a07f5ee7,0xf1ac12f56899a62ccb24f5686d1ef99245045b0b389912b2dd7b2b2dec17f34f
726,https://api.degendogs.club/images/726.png,2026-05-27 16:10:25,2026-05-28 16:10:25,2026-05-28 16:10:25,0,,,,,settled,6,5,0.011,0.02567,@i-am-rael.eth,https://farcaster.xyz/i-am-rael.eth,0.011,2026-05-28 00:38:23,@i-am-rael.eth,https://farcaster.xyz/i-am-rael.eth,0.011,2026-05-28 18:36:55,#160/681,onchain_token_uri_verified,0x7968d69d6ca67f11b3d8f57235e5b3fad4a2bd309a20026d6019e814d1768d5f,0xf9541014ebee8c7c90b9ba3bc511c9e80f167d3b0a90abc747b58ac2a07f5ee7
725,https://api.degendogs.club/images/725.png,2026-05-26 16:03:59,2026-05-27 16:03:59,2026-05-27 16:03:59,0,,,,,settled,2,2,0.011,0.021,@skunkape,https://farcaster.xyz/skunkape,0.011,2026-05-27 01:40:49,@skunkape,https://farcaster.xyz/skunkape,0.011,2026-05-27 16:10:25,#525/681,onchain_token_uri_verified,0xfedcbff43d8e3938621ee44bcf968e39d8ee22389e309e268bdb9c9a26bfe293,0x7968d69d6ca67f11b3d8f57235e5b3fad4a2bd309a20026d6019e814d1768d5f
724,https://api.degendogs.club/images/724.png,2026-05-24 15:30:29,2026-05-25 15:30:29,2026-05-25 15:30:29,0,,,,,settled,4,3,0.01,0.01166,@0xael.eth,https://farcaster.xyz/0xael.eth,0.01,2026-05-25 12:04:11,@0xael.eth,https://farcaster.xyz/0xael.eth,0.01,2026-05-26 16:03:59,#177/681,onchain_token_uri_verified,0xa371adf04d31bc48732abe5be9f184ac72d723838956d3bf72d7724e1856d8ee,0xfedcbff43d8e3938621ee44bcf968e39d8ee22389e309e268bdb9c9a26bfe293
723,https://api.degendogs.club/images/723.png,2026-05-23 15:10:41,2026-05-24 15:10:41,2026-05-24 15:14:15,1,2026-05-24 15:14:15,46423004,0x5a637fc1e9876427dd1119e550bd398438c0054c3d28a3b09a4b22468a471b49,516,settled,8,6,0.01541,0.05482,@sharas.eth,https://farcaster.xyz/sharas.eth,0.01541,2026-05-24 15:09:15,@sharas.eth,https://farcaster.xyz/sharas.eth,0.01541,2026-05-24 15:30:29,#234/681,onchain_token_uri_verified,0xb1fa0f5c9dc01718f6f75e9180396e64071dc39d305b2d70e741c1f2d4ed7b2e,0xa371adf04d31bc48732abe5be9f184ac72d723838956d3bf72d7724e1856d8ee
722,https://api.degendogs.club/images/722.png,2026-05-22 14:58:51,2026-05-23 14:58:51,2026-05-23 15:04:05,2,2026-05-23 15:04:05,46379499,0x17ad37f297a890a03ca5ab377322e2d1f6d04fd8a109d6b9e6ade6638537dd75,1680,settled,5,4,0.01465,0.06106,@i-am-rael.eth,https://farcaster.xyz/i-am-rael.eth,0.01465,2026-05-23 14:59:05,@i-am-rael.eth,https://farcaster.xyz/i-am-rael.eth,0.01465,2026-05-23 15:10:41,#400/681,onchain_token_uri_verified,0x6dec5c839b0277a38605e72be08b741a15e6755bf7d34adf9eb44d98b53a15e6,0xb1fa0f5c9dc01718f6f75e9180396e64071dc39d305b2d70e741c1f2d4ed7b2e
721,https://api.degendogs.club/images/721.png,2026-05-21 14:58:29,2026-05-22 14:58:29,2026-05-22 14:58:29,0,,,,,settled,4,4,0.0158,0.01746,@staraptor.eth,https://farcaster.xyz/staraptor.eth,0.0158,2026-05-22 00:00:29,@staraptor.eth,https://farcaster.xyz/staraptor.eth,0.0158,2026-05-22 14:58:51,#624/681,onchain_token_uri_verified,0x52383a8afa8fe46f0d5f52d73ad97a4af00f1f069ea7779227c346cb0cca4d2f,0x6dec5c839b0277a38605e72be08b741a15e6755bf7d34adf9eb44d98b53a15e6
720,https://api.degendogs.club/images/720.png,2026-05-20 14:55:15,2026-05-21 14:55:15,2026-05-21 14:55:15,0,,,,,settled,5,4,0.0165,0.06301,@bitcoinvestor,https://farcaster.xyz/bitcoinvestor,0.0165,2026-05-21 14:48:53,@bitcoinvestor,https://farcaster.xyz/bitcoinvestor,0.0165,2026-05-21 14:58:29,#82/681,onchain_token_uri_verified,0x178445d9bdc61a9f8170da647829ffb162fb8c817c571cadf218eb4fdc702f23,0x52383a8afa8fe46f0d5f52d73ad97a4af00f1f069ea7779227c346cb0cca4d2f
719,https://api.degendogs.club/images/719.png,2026-05-19 14:54:47,2026-05-20 14:54:47,2026-05-20 14:54:47,0,,,,,settled,9,3,0.01952,0.11844,@badadan,https://farcaster.xyz/badadan,0.01952,2026-05-20 08:32:17,@badadan,https://farcaster.xyz/badadan,0.01952,2026-05-20 14:55:15,#38/681,onchain_token_uri_verified,0xf72b90f7c188775bce13f7b9c577d3d9aae5869e16f76e9d771ea65f62f5c0d4,0x178445d9bdc61a9f8170da647829ffb162fb8c817c571cadf218eb4fdc702f23
718,https://api.degendogs.club/images/718.png,2026-05-18 03:56:55,2026-05-19 03:56:55,2026-05-19 03:56:55,0,,,,,settled,1,1,0.005,0.005,@i-am-rael.eth,https://farcaster.xyz/i-am-rael.eth,0.005,2026-05-18 05:05:29,@i-am-rael.eth,https://farcaster.xyz/i-am-rael.eth,0.005,2026-05-19 14:54:47,#255/681,onchain_token_uri_verified,0x08d1de16badbcae190e13c02c64818c5ebbed8d8c0477f2e25884c2d5163c76e,0xf72b90f7c188775bce13f7b9c577d3d9aae5869e16f76e9d771ea65f62f5c0d4
717,https://api.degendogs.club/images/717.png,2026-05-17 03:55:49,2026-05-18 03:55:49,2026-05-18 03:55:49,0,,,,,settled,5,4,0.016,0.0538,@staraptor.eth,https://farcaster.xyz/staraptor.eth,0.016,2026-05-17 18:42:49,@staraptor.eth,https://farcaster.xyz/staraptor.eth,0.016,2026-05-18 03:56:55,#376/681,onchain_token_uri_verified,0x0f04f9cbb78bb9dc433c029ba06a701db3e63d7db661ef7f098743ff0cae59ad,0x08d1de16badbcae190e13c02c64818c5ebbed8d8c0477f2e25884c2d5163c76e
716,https://api.degendogs.club/images/716.png,2026-05-16 03:52:29,2026-05-17 03:52:29,2026-05-17 03:55:17,1,2026-05-17 03:55:17,46100235,0x6022f24cab161657743e2d2780935f48aee015a77ad65c8a94c5079f67c6cad6,299,settled,10,7,0.01866,0.09979,@cryptomill,https://farcaster.xyz/cryptomill,0.01866,2026-05-17 03:50:17,@cryptomill,https://farcaster.xyz/cryptomill,0.01866,2026-05-17 03:55:49,#182/681,onchain_token_uri_verified,0x61dc277510787cc95eeadbc246ff5eb3707494de38cc8d0aeb5a39e74df1edad,0x0f04f9cbb78bb9dc433c029ba06a701db3e63d7db661ef7f098743ff0cae59ad
715,https://api.degendogs.club/images/715.png,2026-05-15 03:49:25,2026-05-16 03:49:25,2026-05-16 03:49:25,0,,,,,settled,5,3,0.01331,0.04741,@farcy,https://farcaster.xyz/farcy,0.01331,2026-05-16 03:40:57,@farcy,https://farcaster.xyz/farcy,0.01331,2026-05-16 03:52:29,#412/681,onchain_token_uri_verified,0xb0dc5a20f656b654b21e5edb81dd96fc88d450bf52ca297dfaac3c87d1e232bc,0x61dc277510787cc95eeadbc246ff5eb3707494de38cc8d0aeb5a39e74df1edad
714,https://api.degendogs.club/images/714.png,2026-05-14 03:24:35,2026-05-15 03:24:35,2026-05-15 03:39:29,6,2026-05-15 03:39:29,46013361,0xba10bb50975c9a96e858fc19db118c8c7fc7b245df3dc957e9076e3cb4eaa3bc,287,settled,9,4,0.013,0.08218,@staraptor.eth,https://farcaster.xyz/staraptor.eth,0.013,2026-05-15 03:34:29,@staraptor.eth,https://farcaster.xyz/staraptor.eth,0.013,2026-05-15 03:49:25,#362/681,onchain_token_uri_verified,0xe28e75e1994b7d1c090def0c0b74619b252c76b89dec36adfafd851e96f65e45,0xb0dc5a20f656b654b21e5edb81dd96fc88d450bf52ca297dfaac3c87d1e232bc
713,https://api.degendogs.club/images/713.png,2026-05-13 03:16:01,2026-05-14 03:16:01,2026-05-14 03:24:07,3,2026-05-14 03:24:07,45969700,0x1106f15e33284586d4bd91009547098ad20b5cb1dc3016a793b84e332a42b24d,250,settled,7,5,0.01612,0.08595,@badadan,https://farcaster.xyz/badadan,0.01612,2026-05-14 03:19:07,@badadan,https://farcaster.xyz/badadan,0.01612,2026-05-14 03:24:35,#71/681,onchain_token_uri_verified,0x67b9ab34a91f77fdf079362f5ef0eed2a5503b1ff24a2085d206bfc0c35be8e4,0xe28e75e1994b7d1c090def0c0b74619b252c76b89dec36adfafd851e96f65e45
712,https://api.degendogs.club/images/712.png,2026-05-12 03:13:03,2026-05-13 03:13:03,2026-05-13 03:15:39,2,2026-05-13 03:15:39,45926246,0xb06cc9aed62fc53c62f7911e593b87c6ded8ff025ea31f7b694dad64a811b84d,198,settled,5,4,0.01331,0.052295,@oxygen2,https://farcaster.xyz/oxygen2,0.01331,2026-05-13 03:10:39,@oxygen2,https://farcaster.xyz/oxygen2,0.01331,2026-05-13 03:16:01,#350/681,onchain_token_uri_verified,0xb795a62203ccc169e59931a1c0a3a23b88a607046413d8d06d69d013494ca4b4,0x67b9ab34a91f77fdf079362f5ef0eed2a5503b1ff24a2085d206bfc0c35be8e4
711,https://api.degendogs.club/images/711.png,2026-05-11 03:12:43,2026-05-12 03:12:43,2026-05-12 03:12:43,0,,,,,settled,4,4,0.0121,0.03894,@zenonseeker,https://farcaster.xyz/zenonseeker,0.0121,2026-05-12 00:55:29,@zenonseeker,https://farcaster.xyz/zenonseeker,0.0121,2026-05-12 03:13:03,#434/681,onchain_token_uri_verified,0x948f1c73103f0af14e50dc3f68050f20b3dcae2f383cdf259d22553b3cbfda2c,0xb795a62203ccc169e59931a1c0a3a23b88a607046413d8d06d69d013494ca4b4
710,https://api.degendogs.club/images/710.png,2026-05-10 03:11:49,2026-05-11 03:11:49,2026-05-11 03:11:49,0,,,,,settled,6,3,0.01091,0.036948,@schlemiel,https://farcaster.xyz/schlemiel,0.01091,2026-05-11 02:16:35,@schlemiel,https://farcaster.xyz/schlemiel,0.01091,2026-05-11 03:12:43,#344/681,onchain_token_uri_verified,0x40909440b3b04e35dc90fdec05959d1c8b98683b9c168f02c04cef887d0cb4d9,0x948f1c73103f0af14e50dc3f68050f20b3dcae2f383cdf259d22553b3cbfda2c
709,https://api.degendogs.club/images/709.png,2026-05-09 03:01:09,2026-05-10 03:01:09,2026-05-10 03:10:27,6,2026-05-10 03:10:27,45796490,0x905c63c7ff85b5943f343ad12acdca237ed15af3a175a5c88c716fd3a7ba4ddf,274,settled,23,8,0.0243,0.23684,@vaibhavmule,https://farcaster.xyz/vaibhavmule,0.0243,2026-05-10 03:05:27,@vaibhavmule,https://farcaster.xyz/vaibhavmule,0.0243,2026-05-10 03:11:49,#139/681,onchain_token_uri_verified,0x609ad0852601c9176503eb49b45a4b473fe126be2dd5fcdd8a36892d50ddef39,0x40909440b3b04e35dc90fdec05959d1c8b98683b9c168f02c04cef887d0cb4d9
708,https://api.degendogs.club/images/708.png,2026-05-08 03:00:45,2026-05-09 03:00:45,2026-05-09 03:00:45,0,,,,,settled,4,4,0.024,0.0571,@skunkape,https://farcaster.xyz/skunkape,0.024,2026-05-08 22:42:29,@skunkape,https://farcaster.xyz/skunkape,0.024,2026-05-09 03:01:09,#289/681,onchain_token_uri_verified,0x4f993befa02edf6b162e16c8e854f3264ae5ce2d29a8bbac63fa71dd34304206,0x609ad0852601c9176503eb49b45a4b473fe126be2dd5fcdd8a36892d50ddef39
707,https://api.degendogs.club/images/707.png,2026-05-07 02:53:49,2026-05-08 02:53:49,2026-05-08 02:58:37,1,2026-05-08 02:58:37,45709735,0x53f88c393f9a1c935fbdc67faf079ffd3661f2ede768c6fe15c4fd8ddfd34da2,179,settled,13,8,0.033,0.15215,@kidmyr.eth,https://farcaster.xyz/kidmyr.eth,0.033,2026-05-08 02:53:37,@kidmyr.eth,https://farcaster.xyz/kidmyr.eth,0.033,2026-05-08 03:00:45,#168/681,onchain_token_uri_verified,0x17183e1f5b1bc223a36cd7c49bf2ad98bd150ed9f0f3ce8e6b7714c34b462504,0x4f993befa02edf6b162e16c8e854f3264ae5ce2d29a8bbac63fa71dd34304206
706,https://api.degendogs.club/images/706.png,2026-05-05 22:35:57,2026-05-06 22:35:57,2026-05-06 22:35:57,0,,,,,settled,4,2,0.02265,0.07895,@shalexvivek,https://farcaster.xyz/shalexvivek,0.02265,2026-05-06 21:18:43,@shalexvivek,https://farcaster.xyz/shalexvivek,0.02265,2026-05-07 02:53:49,#87/681,onchain_token_uri_verified,0x42aadc77b04786b46aecc25a1ec2454944e5f58e53693d643cbe31ab1c4a3971,0x17183e1f5b1bc223a36cd7c49bf2ad98bd150ed9f0f3ce8e6b7714c34b462504
705,https://api.degendogs.club/images/705.png,2026-05-04 22:32:33,2026-05-05 22:32:33,2026-05-05 22:35:31,2,2026-05-05 22:35:31,45615442,0x3e1a49533027ccbddc0efda77b5ba0f7aeb81649a530e07749b4d1ba0cf6180f,514,settled,25,10,0.02148,0.19371,@skunkape,https://farcaster.xyz/skunkape,0.02148,2026-05-05 22:30:31,@skunkape,https://farcaster.xyz/skunkape,0.02148,2026-05-05 22:35:57,#523/681,onchain_token_uri_verified,0xd636b6e8420b7614437af465a74d48b83deff76da29cf05f729b447192a9defe,0x42aadc77b04786b46aecc25a1ec2454944e5f58e53693d643cbe31ab1c4a3971
704,https://api.degendogs.club/images/704.png,2026-05-03 22:32:07,2026-05-04 22:32:07,2026-05-04 22:32:07,0,,,,,settled,5,3,0.0286,0.10426,@britomartis,https://farcaster.xyz/britomartis,0.0286,2026-05-04 21:42:11,@britomartis,https://farcaster.xyz/britomartis,0.0286,2026-05-04 22:32:33,#346/681,onchain_token_uri_verified,0x581eef048d77317186446342d285033b86aed31249dab94c9dcf881b807a4a46,0xd636b6e8420b7614437af465a74d48b83deff76da29cf05f729b447192a9defe
703,https://api.degendogs.club/images/703.png,2026-05-02 22:24:13,2026-05-03 22:24:13,2026-05-03 22:24:13,0,,,,,settled,7,6,0.02486,0.13305,@ajrony,https://farcaster.xyz/ajrony,0.02486,2026-05-03 22:16:57,@ajrony,https://farcaster.xyz/ajrony,0.02486,2026-05-03 22:32:07,#14/681,onchain_token_uri_verified,0x74276d032ef740c74187f00ba5afc17492f6cf79bc048f18eef69c4f8dedb40b,0x581eef048d77317186446342d285033b86aed31249dab94c9dcf881b807a4a46
702,https://api.degendogs.club/images/702.png,2026-05-01 22:13:11,2026-05-02 22:13:11,2026-05-02 22:24:01,7,2026-05-02 22:24:01,45485497,0xa7eab32dbef3324e4566d6fa36e84d5fc7cd20d37767fc84e843689086647088,148,settled,9,4,0.02645,0.16739,@dl39,https://farcaster.xyz/dl39,0.02645,2026-05-02 22:19:01,@dl39,https://farcaster.xyz/dl39,0.02645,2026-05-02 22:24:13,#637/681,onchain_token_uri_verified,0xf6cb06c6828ae89f992113f98ef4f1da3e29ac15d014c3080fe366935e24744f,0x74276d032ef740c74187f00ba5afc17492f6cf79bc048f18eef69c4f8dedb40b
701,https://api.degendogs.club/images/701.png,2026-04-30 22:04:21,2026-05-01 22:04:21,2026-05-01 22:12:55,4,2026-05-01 22:12:55,45441964,0xd21aa2b32c99d1df89adaffd53fa4cc4babedd0ea3e8b5d3a690211042bfca12,291,settled,10,4,0.02926,0.1975,@badadan,https://farcaster.xyz/badadan,0.02926,2026-05-01 22:07:55,@badadan,https://farcaster.xyz/badadan,0.02926,2026-05-01 22:13:11,#15/681,onchain_token_uri_verified,0x56079d3c7b12faa1b68f31934f6129b9a4d0e9ce7facef18ca35946b7d29f467,0xf6cb06c6828ae89f992113f98ef4f1da3e29ac15d014c3080fe366935e24744f
700,https://api.degendogs.club/images/700.png,2026-04-29 21:54:23,2026-04-30 21:54:23,2026-04-30 22:04:03,3,2026-04-30 22:04:03,45398498,0x6bed12f04425885216382d416297c8d6e1ef32eacc153c3ad3419129163aa060,386,settled,7,3,0.02483,0.11449,@stemo.eth,https://farcaster.xyz/stemo.eth,0.02483,2026-04-30 21:59:03,@stemo.eth,https://farcaster.xyz/stemo.eth,0.02483,2026-04-30 22:04:21,#552/681,onchain_token_uri_verified,0xcc5516a3968ec3a1197aa6aabe5652626078ea38a83c2dab40fa3d962e03d77b,0x56079d3c7b12faa1b68f31934f6129b9a4d0e9ce7facef18ca35946b7d29f467
699,https://api.degendogs.club/images/699.png,2026-04-28 21:39:57,2026-04-29 21:39:57,2026-04-29 21:54:01,5,2026-04-29 21:54:01,45354997,0x6c22852bb8a93232b9c9516905c789565d67426e75a72bccc0c636c11cf8d650,1002,settled,10,6,0.02839,0.17392,@thec1,https://farcaster.xyz/thec1,0.02839,2026-04-29 21:49:01,@thec1,https://farcaster.xyz/thec1,0.02839,2026-04-29 21:54:23,#612/681,onchain_token_uri_verified,0x37ec09dda56b77b119e82289ba3ece931b95677d0ece7099cf3c3b4ef2217acb,0xcc5516a3968ec3a1197aa6aabe5652626078ea38a83c2dab40fa3d962e03d77b
698,https://api.degendogs.club/images/698.png,2026-04-27 21:34:17,2026-04-28 21:34:17,2026-04-28 21:38:57,2,2026-04-28 21:38:57,45311345,0x4a78aaf939d038dfe378fc9a41447ba2dea1d94dd1e1519cbe7c8c162c5e65d8,223,settled,6,5,0.02398,0.10989,@melinoe,https://farcaster.xyz/melinoe,0.02398,2026-04-28 21:33:57,@melinoe,https://farcaster.xyz/melinoe,0.02398,2026-04-28 21:39:57,#86/681,onchain_token_uri_verified,0x1bf99e1c9fee3abb19c83bd12bb7c2ea2ac398ed81749239f75dfb410d5c58cb,0x37ec09dda56b77b119e82289ba3ece931b95677d0ece7099cf3c3b4ef2217acb
697,https://api.degendogs.club/images/697.png,2026-04-26 21:34:01,2026-04-27 21:34:01,2026-04-27 21:34:01,0,,,,,settled,6,4,0.02785,0.1218,@acion,https://farcaster.xyz/acion,0.02785,2026-04-27 20:51:09,@acion,https://farcaster.xyz/acion,0.02785,2026-04-27 21:34:17,#465/681,onchain_token_uri_verified,0x336a93c0317990ca9c234e81e86e5c98e3fc043c69838f8b6ead0df7107d0509,0x1bf99e1c9fee3abb19c83bd12bb7c2ea2ac398ed81749239f75dfb410d5c58cb
696,https://api.degendogs.club/images/696.png,2026-04-25 21:29:01,2026-04-26 21:29:01,2026-04-26 21:33:45,1,2026-04-26 21:33:45,45224789,0x0f6cd0b9fd9ed0962c98fc11eff4e5d15b8bdb925f8d168e9da9962ff9a3fcdf,233,settled,6,4,0.03371,0.15551,@sharas.eth,https://farcaster.xyz/sharas.eth,0.03371,2026-04-26 21:28:45,@sharas.eth,https://farcaster.xyz/sharas.eth,0.03371,2026-04-26 21:34:01,#625/681,onchain_token_uri_verified,0x6069b5518ed83b759e71a01ae282ee88004b87ba27020ba6ac68b367bbdf2d40,0x336a93c0317990ca9c234e81e86e5c98e3fc043c69838f8b6ead0df7107d0509
695,https://api.degendogs.club/images/695.png,2026-04-24 21:25:03,2026-04-25 21:25:03,2026-04-25 21:28:49,1,2026-04-25 21:28:49,45181441,0xd08eb6a37b04676e4c9f68a5924e0c98252d98b64e9f470202d0592d6914fd01,297,settled,5,4,0.0317,0.12745,@vorcha,https://farcaster.xyz/vorcha,0.0317,2026-04-25 21:23:49,@vorcha,https://farcaster.xyz/vorcha,0.0317,2026-04-25 21:29:01,#214/681,onchain_token_uri_verified,0x5d8b790f91cb7549b75e110941f8c1ebffcf349b88a73bc8bad5857a0c7f55bf,0x6069b5518ed83b759e71a01ae282ee88004b87ba27020ba6ac68b367bbdf2d40
694,https://api.degendogs.club/images/694.png,2026-04-23 21:17:53,2026-04-24 21:17:53,2026-04-24 21:17:53,0,,,,,settled,3,3,0.02694,0.04674,@0xael.eth,https://farcaster.xyz/0xael.eth,0.02694,2026-04-23 21:42:57,@0xael.eth,https://farcaster.xyz/0xael.eth,0.02694,2026-04-24 21:25:03,#364/681,onchain_token_uri_verified,0x3f59db9b231b7b953114fe28a6897dc5a7f95ba3c26938c12019b83b9558176b,0x5d8b790f91cb7549b75e110941f8c1ebffcf349b88a73bc8bad5857a0c7f55bf
693,https://api.degendogs.club/images/693.png,2026-04-22 21:16:17,2026-04-23 21:16:17,2026-04-23 21:16:17,0,,,,,settled,6,5,0.02482,0.11144,@maraudergo,https://farcaster.xyz/maraudergo,0.02482,2026-04-23 20:55:29,@maraudergo,https://farcaster.xyz/maraudergo,0.02482,2026-04-23 21:17:53,#378/681,onchain_token_uri_verified,0xc75b534c180f6b865913845d2781927915550252d30bf1542ed3426bca0531c8,0x3f59db9b231b7b953114fe28a6897dc5a7f95ba3c26938c12019b83b9558176b
692,https://api.degendogs.club/images/692.png,2026-04-21 21:12:35,2026-04-22 21:12:35,2026-04-22 21:16:05,1,2026-04-22 21:16:05,45051459,0x21ad6320b26e043969c4be453238ad8c9f7e1acb798468f962c46eeb6e3a26a7,178,settled,4,4,0.02254,0.07857,@keldon,https://farcaster.xyz/keldon,0.02254,2026-04-22 21:11:05,@keldon,https://farcaster.xyz/keldon,0.02254,2026-04-22 21:16:17,#258/681,onchain_token_uri_verified,0x27f8defacfefa4c153d4a58801a7deb02bdb9ae1258cbd1e82f28c3c9301975b,0xc75b534c180f6b865913845d2781927915550252d30bf1542ed3426bca0531c8
691,https://api.degendogs.club/images/691.png,2026-04-20 20:57:53,2026-04-21 20:57:53,2026-04-21 20:57:53,0,,,,,settled,5,3,0.02479,0.10332,@kenshiking.eth,https://farcaster.xyz/kenshiking.eth,0.02479,2026-04-21 14:18:35,@kenshiking.eth,https://farcaster.xyz/kenshiking.eth,0.02479,2026-04-21 21:12:35,#531/681,onchain_token_uri_verified,0xa35d7bb44dd2f6ee9b8e3eed1a2cae5e0f874f27149e208de8c1fe5c93b24de1,0x27f8defacfefa4c153d4a58801a7deb02bdb9ae1258cbd1e82f28c3c9301975b
690,https://api.degendogs.club/images/690.png,2026-04-19 20:57:39,2026-04-20 20:57:39,2026-04-20 20:57:39,0,,,,,settled,4,4,0.03255,0.10464,@keldon,https://farcaster.xyz/keldon,0.03255,2026-04-20 20:27:55,@keldon,https://farcaster.xyz/keldon,0.03255,2026-04-20 20:57:53,#407/681,onchain_token_uri_verified,0x7885961e48b4af70b01fc46cdad31afafa9b3f0ebe8fa3e7bd8bee1005f44fe0,0xa35d7bb44dd2f6ee9b8e3eed1a2cae5e0f874f27149e208de8c1fe5c93b24de1
689,https://api.degendogs.club/images/689.png,2026-04-18 20:57:29,2026-04-19 20:57:29,2026-04-19 20:57:29,0,,,,,settled,5,4,0.02874,0.11707,@skunkape,https://farcaster.xyz/skunkape,0.02874,2026-04-18 23:53:35,@skunkape,https://farcaster.xyz/skunkape,0.02874,2026-04-19 20:57:39,#243/681,onchain_token_uri_verified,0x8f9fa9d4df53aaed0e9c51a8c8d684970dfae0ee11bb9eb41812d1ddbab99ab5,0x7885961e48b4af70b01fc46cdad31afafa9b3f0ebe8fa3e7bd8bee1005f44fe0
688,https://api.degendogs.club/images/688.png,2026-04-17 20:57:15,2026-04-18 20:57:15,2026-04-18 20:57:15,0,,,,,settled,10,8,0.02721,0.15105,@maraudergo,https://farcaster.xyz/maraudergo,0.02721,2026-04-18 20:51:49,@maraudergo,https://farcaster.xyz/maraudergo,0.02721,2026-04-18 20:57:29,#644/681,onchain_token_uri_verified,0x5e1a4ac5fb080ef4ab7ee914dc14b367344db9fa2cbd5ab663ae01337ed29865,0x8f9fa9d4df53aaed0e9c51a8c8d684970dfae0ee11bb9eb41812d1ddbab99ab5
687,https://api.degendogs.club/images/687.png,2026-04-16 20:50:05,2026-04-17 20:50:05,2026-04-17 20:57:01,2,2026-04-17 20:57:01,44834887,0xf0166fc67a429391ea4b08924916f279ec11d1e7da8a9194a8fb5d7c6a98db46,703,settled,7,5,0.03031,0.16202,@vorcha,https://farcaster.xyz/vorcha,0.03031,2026-04-17 20:52:01,@vorcha,https://farcaster.xyz/vorcha,0.03031,2026-04-17 20:57:15,#435/681,onchain_token_uri_verified,0x89f9c2b70d8bab48e8a485d02a91f176cd55d849e62c746676bcd9565504c7b8,0x5e1a4ac5fb080ef4ab7ee914dc14b367344db9fa2cbd5ab663ae01337ed29865
686,https://api.degendogs.club/images/686.png,2026-04-15 20:34:19,2026-04-16 20:34:19,2026-04-16 20:34:19,0,,,,,settled,7,6,0.03046,0.16276,@acion,https://farcaster.xyz/acion,0.03046,2026-04-16 20:27:01,@acion,https://farcaster.xyz/acion,0.03046,2026-04-16 20:50:05,#547/681,onchain_token_uri_verified,0x44cb3d3e9e448836e1ad645ebf5a4904090a57c9d85248bd5110f7522fd107e1,0x89f9c2b70d8bab48e8a485d02a91f176cd55d849e62c746676bcd9565504c7b8
685,https://api.degendogs.club/images/685.png,2026-04-14 20:29:23,2026-04-15 20:29:23,2026-04-15 20:34:01,1,2026-04-15 20:34:01,44747797,0x4691883276c26c0bcde9d8a91c31280aa4fdeb1340bcd901ea1030afa11bec74,193,settled,8,5,0.03061,0.17811,@mr-r0b0t,https://farcaster.xyz/mr-r0b0t,0.03061,2026-04-15 20:29:01,@mr-r0b0t,https://farcaster.xyz/mr-r0b0t,0.03061,2026-04-15 20:34:19,#288/681,onchain_token_uri_verified,0x65c46a3ac644b4a5ea467233570313906375e07a466529d0b5c6246794191527,0x44cb3d3e9e448836e1ad645ebf5a4904090a57c9d85248bd5110f7522fd107e1
684,https://api.degendogs.club/images/684.png,2026-04-13 19:48:47,2026-04-14 19:48:47,2026-04-14 19:48:47,0,,,,,settled,1,1,0.01684,0.01684,@0xael.eth,https://farcaster.xyz/0xael.eth,0.01684,2026-04-13 20:05:37,@0xael.eth,https://farcaster.xyz/0xael.eth,0.01684,2026-04-14 20:29:23,#105/681,onchain_token_uri_verified,0x23428a409c5403dc8ac558571d97a4edec71e44afdfdee8150090cc884778a73,0x65c46a3ac644b4a5ea467233570313906375e07a466529d0b5c6246794191527
683,https://api.degendogs.club/images/683.png,2026-04-12 19:29:41,2026-04-13 19:29:41,2026-04-13 19:48:25,10,2026-04-13 19:48:25,44660029,0xe0dc49f2d03703b5a54f967d2b10ea797c02a8fb41555c40e55a603b092b319b,773,settled,14,5,0.05678,0.4597,@dl39,https://farcaster.xyz/dl39,0.05678,2026-04-13 19:43:25,@dl39,https://farcaster.xyz/dl39,0.05678,2026-04-13 19:48:47,#191/681,onchain_token_uri_verified,0x9026888695a3f7580be9098668e9a15074cb8fde21f1979955aeac31805f8aa2,0x23428a409c5403dc8ac558571d97a4edec71e44afdfdee8150090cc884778a73
682,https://api.degendogs.club/images/682.png,2026-04-11 18:31:45,2026-04-12 18:31:45,2026-04-12 18:31:45,0,,,,,settled,4,4,0.0321,0.10462,@pare,https://farcaster.xyz/pare,0.0321,2026-04-12 18:26:19,@pare,https://farcaster.xyz/pare,0.0321,2026-04-12 19:29:41,#613/681,onchain_token_uri_verified,0xb294e26df9003b173ea526b5f8a1fc9eba27de24b56256250258c4eebb8ba608,0x9026888695a3f7580be9098668e9a15074cb8fde21f1979955aeac31805f8aa2
681,https://api.degendogs.club/images/681.png,2026-04-10 18:31:21,2026-04-11 18:31:21,2026-04-11 18:31:21,0,,,,,settled,9,4,0.04314,0.266478,@badadan,https://farcaster.xyz/badadan,0.04314,2026-04-11 18:25:31,@badadan,https://farcaster.xyz/badadan,0.04314,2026-04-11 18:31:45,#19/681,onchain_token_uri_verified,0xe26300d6ddb9edcf9b88ecfef32f4528ff232e05e61ed9e5497cfb32ac520226,0xb294e26df9003b173ea526b5f8a1fc9eba27de24b56256250258c4eebb8ba608
680,https://api.degendogs.club/images/680.png,2026-04-09 18:20:29,2026-04-10 18:20:29,2026-04-10 18:30:31,4,2026-04-10 18:30:31,44528092,0xd29793f99c79555dea9905a874cc1f239bf1fc8e796d99d474dd05547c87d22a,215,settled,8,4,0.02708,0.15282,@stemo.eth,https://farcaster.xyz/stemo.eth,0.02708,2026-04-10 18:25:31,@stemo.eth,https://farcaster.xyz/stemo.eth,0.02708,2026-04-10 18:31:21,#253/681,onchain_token_uri_verified,0xa84dc9788bf2a59c5d5a7de30b376e806bdc9066dd111a661bd32d45b1a8c3ab,0xe26300d6ddb9edcf9b88ecfef32f4528ff232e05e61ed9e5497cfb32ac520226
679,https://api.degendogs.club/images/679.png,2026-04-08 18:18:49,2026-04-09 18:18:49,2026-04-09 18:18:49,0,,,,,settled,10,4,0.03276,0.21127,@britomartis,https://farcaster.xyz/britomartis,0.03276,2026-04-09 18:12:17,@britomartis,https://farcaster.xyz/britomartis,0.03276,2026-04-09 18:20:29,#553/681,onchain_token_uri_verified,0x58af0895de47e30e852342264188a66ddda922c3710cedc64071c93939ce6fa9,0xa84dc9788bf2a59c5d5a7de30b376e806bdc9066dd111a661bd32d45b1a8c3ab
678,https://api.degendogs.club/images/678.png,2026-04-07 18:12:45,2026-04-08 18:12:45,2026-04-08 18:18:33,3,2026-04-08 18:18:33,44441333,0xf46023d4e0f3fd87da12d66b062aa40e8223a52a6ee5f625a9886e18b1bab6c1,598,settled,7,5,0.02976,0.1593,@metasalary,https://farcaster.xyz/metasalary,0.02976,2026-04-08 18:13:33,@metasalary,https://farcaster.xyz/metasalary,0.02976,2026-04-08 18:18:49,#422/681,onchain_token_uri_verified,0x2ed33ef5a3b1fa1a9c83ea896f7523984f586b1bbd1c1da44b19a8ba8ddb5644,0x58af0895de47e30e852342264188a66ddda922c3710cedc64071c93939ce6fa9
677,https://api.degendogs.club/images/677.png,2026-04-06 17:58:17,2026-04-07 17:58:17,2026-04-07 18:12:25,4,2026-04-07 18:12:25,44397949,0x1b3f48e74d02cbea132d3f816946b50bb79cd8ae28bbaaf04374f7f37811be68,825,settled,15,8,0.04358,0.34255,@badadan,https://farcaster.xyz/badadan,0.04358,2026-04-07 18:07:25,@badadan,https://farcaster.xyz/badadan,0.04358,2026-04-07 18:12:45,#25/681,onchain_token_uri_verified,0xeea63316bc1f5653e33fcad5a41c2d3bc0501b2fd4ac3e00443e2fc05bfa5164,0x2ed33ef5a3b1fa1a9c83ea896f7523984f586b1bbd1c1da44b19a8ba8ddb5644
676,https://api.degendogs.club/images/676.png,2026-04-05 17:48:03,2026-04-06 17:48:03,2026-04-06 17:54:25,4,2026-04-06 17:54:25,44354209,0x491e6efd5932a38e18b94107c8ae3684e3c925a4a92d6c8fb92f9ace8f190486,659,settled,10,7,0.0333,0.19146,@pare,https://farcaster.xyz/pare,0.0333,2026-04-06 17:49:25,@pare,https://farcaster.xyz/pare,0.0333,2026-04-06 17:58:17,#211/681,onchain_token_uri_verified,0x206e9182e305750cf2646d99a6bdfd117ca5124760b0e722f25fdfac4f2c2602,0xeea63316bc1f5653e33fcad5a41c2d3bc0501b2fd4ac3e00443e2fc05bfa5164
675,https://api.degendogs.club/images/675.png,2026-04-04 17:38:05,2026-04-05 17:38:05,2026-04-05 17:38:05,0,,,,,settled,2,2,0.01843,0.03518,@melinoe,https://farcaster.xyz/melinoe,0.01843,2026-04-05 09:34:23,@melinoe,https://farcaster.xyz/melinoe,0.01843,2026-04-05 17:48:03,#241/681,onchain_token_uri_verified,0x3a7f224cb830f070f06c19ddd2fc80e4661cdd7a16dc0cd66e660122ec407ac6,0x206e9182e305750cf2646d99a6bdfd117ca5124760b0e722f25fdfac4f2c2602
674,https://api.degendogs.club/images/674.png,2026-04-03 17:32:49,2026-04-04 17:32:49,2026-04-04 17:35:53,1,2026-04-04 17:35:53,44267253,0x99ceef6b901cdece7198bd2b94013bc70c38787e9a8cf3ea132a59e8baf30c03,737,settled,7,5,0.02027,0.0601,@farcy,https://farcaster.xyz/farcy,0.02027,2026-04-04 17:30:53,@farcy,https://farcaster.xyz/farcy,0.02027,2026-04-04 17:38:05,#123/681,onchain_token_uri_verified,0x9790f43075ae04a3710790c6a088a8ed4f262c14ddd14a24bbe90fb72bec0968,0x3a7f224cb830f070f06c19ddd2fc80e4661cdd7a16dc0cd66e660122ec407ac6
673,https://api.degendogs.club/images/673.png,2026-04-02 17:25:23,2026-04-03 17:25:23,2026-04-03 17:32:33,6,2026-04-03 17:32:33,44223953,0x529557469227eb424bdc6ad671d00f3b817969698478649cbd8c0f7ee79dc6c0,852,settled,12,9,0.03265,0.22662,@pare,https://farcaster.xyz/pare,0.03265,2026-04-03 17:27:33,@pare,https://farcaster.xyz/pare,0.03265,2026-04-03 17:32:49,#491/681,onchain_token_uri_verified,0xb02c441bd33b0b3b25e4bcfbd23755a8d62f751eba0928b2561167abeaf0a345,0x9790f43075ae04a3710790c6a088a8ed4f262c14ddd14a24bbe90fb72bec0968
672,https://api.degendogs.club/images/672.png,2026-04-01 17:14:45,2026-04-02 17:14:45,2026-04-02 17:25:05,5,2026-04-02 17:25:05,44180529,0xbe0d8537f4591df599f535c2193a0bf1392cd8ff79c1240ba0fce8d8f837be2b,222,settled,9,6,0.03589,0.22724,@badadan,https://farcaster.xyz/badadan,0.03589,2026-04-02 17:20:05,@badadan,https://farcaster.xyz/badadan,0.03589,2026-04-02 17:25:23,#169/681,onchain_token_uri_verified,0x4ef2eeb681d1bcc3e0ab3f2e1d66621bce2d06a4bfe268548af24a1cf7743f2d,0xb02c441bd33b0b3b25e4bcfbd23755a8d62f751eba0928b2561167abeaf0a345
671,https://api.degendogs.club/images/671.png,2026-03-31 17:05:47,2026-04-01 17:05:47,2026-04-01 17:14:13,5,2026-04-01 17:14:13,44137003,0x9faebbc5771c0447dfb3e459be9a6bc46b49e2be69ebe9232def6422247c2e29,408,settled,7,5,0.02964,0.15866,@badadan,https://farcaster.xyz/badadan,0.02964,2026-04-01 17:09:13,@badadan,https://farcaster.xyz/badadan,0.02964,2026-04-01 17:14:45,#161/681,onchain_token_uri_verified,0x1a48be448adc549d8ad039c61549df80c7aa437f4533e17af2f5147f26c57f45,0x4ef2eeb681d1bcc3e0ab3f2e1d66621bce2d06a4bfe268548af24a1cf7743f2d
670,https://api.degendogs.club/images/670.png,2026-03-30 17:05:35,2026-03-31 17:05:35,2026-03-31 17:05:35,0,,,,,settled,2,2,0.0267,0.0367,@0xael.eth,https://farcaster.xyz/0xael.eth,0.0267,2026-03-30 17:26:17,@0xael.eth,https://farcaster.xyz/0xael.eth,0.0267,2026-03-31 17:05:47,#217/681,onchain_token_uri_verified,0x0c4f42c88c390615b6b764d55ed78cf55f5991e8af2928febeefaf2c2129c1a0,0x1a48be448adc549d8ad039c61549df80c7aa437f4533e17af2f5147f26c57f45
669,https://api.degendogs.club/images/669.png,2026-03-29 17:02:31,2026-03-30 17:02:31,2026-03-30 17:05:09,2,2026-03-30 17:05:09,44050331,0xe1ea6ca45433ca0d6ecc1a4f39cf1e5707fabff5c5decdb793f35f50950c9fc1,240,settled,8,6,0.04885,0.22655,@xiexi,https://farcaster.xyz/xiexi,0.04885,2026-03-30 17:00:09,@xiexi,https://farcaster.xyz/xiexi,0.04885,2026-03-30 17:05:35,#439/681,onchain_token_uri_verified,0x0e83e187c8963582324a510d59668bd3b629705972680ad823107e4811be27ab,0x0c4f42c88c390615b6b764d55ed78cf55f5991e8af2928febeefaf2c2129c1a0
668,https://api.degendogs.club/images/668.png,2026-03-28 16:55:39,2026-03-29 16:55:39,2026-03-29 16:59:43,1,2026-03-29 16:59:43,44006968,0x782b93b80f7574688ad8b6bc01728f252ef232d977a1b129a7df0a681553d600,698,settled,7,5,0.05135,0.22274,@pare,https://farcaster.xyz/pare,0.05135,2026-03-29 16:54:43,@pare,https://farcaster.xyz/pare,0.05135,2026-03-29 17:02:31,#370/681,onchain_token_uri_verified,0x8da47851b222b930846989b188f4ee8894fb0985292cef1295f9eaf85ea2500a,0x0e83e187c8963582324a510d59668bd3b629705972680ad823107e4811be27ab
667,https://api.degendogs.club/images/667.png,2026-03-27 16:48:45,2026-03-28 16:48:45,2026-03-28 16:48:45,0,,,,,settled,14,6,0.03937,0.27063,@ashish-007,https://farcaster.xyz/ashish-007,0.03937,2026-03-28 16:41:43,@ashish-007,https://farcaster.xyz/ashish-007,0.03937,2026-03-28 16:55:39,#133/681,onchain_token_uri_verified,0xb722838af9349940b31a52c458b79ba6a0748f5a56753a4f72fb4730972fc8d4,0x8da47851b222b930846989b188f4ee8894fb0985292cef1295f9eaf85ea2500a
666,https://api.degendogs.club/images/666.png,2026-03-26 16:43:27,2026-03-27 16:43:27,2026-03-27 16:48:19,2,2026-03-27 16:48:19,43920226,0x879724a275cd055547454a839730fab1ece3aefc841a50903f76e543798dadfb,644,settled,16,8,0.061,0.37626,@mr-r0b0t,https://farcaster.xyz/mr-r0b0t,0.061,2026-03-27 16:43:19,@mr-r0b0t,https://farcaster.xyz/mr-r0b0t,0.061,2026-03-27 16:48:45,#643/681,onchain_token_uri_verified,0xc24f2ab61eb5b6e9b7e06e88d49959c910cb712d0f0d1abdd5740c8c9e3e995f,0xb722838af9349940b31a52c458b79ba6a0748f5a56753a4f72fb4730972fc8d4
665,https://api.degendogs.club/images/665.png,2026-03-25 16:03:21,2026-03-26 16:03:21,2026-03-26 16:30:13,10,2026-03-26 16:30:13,43876483,0xd674a791ce5495b7fd46d3d8920fd82ef4a8e719bab200cdce53e739b1c8edc8,406,settled,15,6,0.05319,0.39919,@cryptomill,https://farcaster.xyz/cryptomill,0.05319,2026-03-26 16:25:13,@cryptomill,https://farcaster.xyz/cryptomill,0.05319,2026-03-26 16:43:27,#46/681,onchain_token_uri_verified,0x7a8943e88ae94b4aedd8d48b1204e78b178f965de5c812d84a14260a91d47350,0xc24f2ab61eb5b6e9b7e06e88d49959c910cb712d0f0d1abdd5740c8c9e3e995f
664,https://api.degendogs.club/images/664.png,2026-03-24 15:45:53,2026-03-25 15:45:53,2026-03-25 16:03:07,8,2026-03-25 16:03:07,43832470,0xf052017d63c95a50b5e8c100f9bbb38aa8d46cc3b2dc9a433757bdf6c871d6d2,603,settled,10,4,0.04835,0.29456,@valdore,https://farcaster.xyz/valdore,0.04835,2026-03-25 15:58:07,@valdore,https://farcaster.xyz/valdore,0.04835,2026-03-25 16:03:21,#246/681,onchain_token_uri_verified,0x3c8c5dee4707b9005b4b3c04f7f19a4b65f64727bf21943c73f322489e3be41f,0x7a8943e88ae94b4aedd8d48b1204e78b178f965de5c812d84a14260a91d47350
663,https://api.degendogs.club/images/663.png,2026-03-23 15:38:39,2026-03-24 15:38:39,2026-03-24 15:45:31,2,2026-03-24 15:45:31,43788742,0xcb1c504e4cf6cd02d24c4d5a5fbc5666923ebf18ecaf725153546d31f7e37a7b,656,settled,3,2,0.06052,0.16553,@neghvar.eth,https://farcaster.xyz/neghvar.eth,0.06052,2026-03-24 15:40:31,@neghvar.eth,https://farcaster.xyz/neghvar.eth,0.06052,2026-03-24 15:45:53,#228/681,onchain_token_uri_verified,0x47f030af3c3659ac62ed97ed883a4efece0c6c96b850aa472f304842fc482e52,0x3c8c5dee4707b9005b4b3c04f7f19a4b65f64727bf21943c73f322489e3be41f
662,https://api.degendogs.club/images/662.png,2026-03-22 15:23:23,2026-03-23 15:23:23,2026-03-23 15:36:29,7,2026-03-23 15:36:29,43745271,0x09a7f182a9ef25905c11ab10b60afeeed9ccccaadc64f79fc273bc7d5200e741,2244,settled,10,3,0.07333,0.42166,@thec1,https://farcaster.xyz/thec1,0.07333,2026-03-23 15:31:29,@thec1,https://farcaster.xyz/thec1,0.07333,2026-03-23 15:38:39,#98/681,onchain_token_uri_verified,0xf3950982275da81bc9837fc00580e9128884769266cf018b58941a6bd9100a98,0x47f030af3c3659ac62ed97ed883a4efece0c6c96b850aa472f304842fc482e52
661,https://api.degendogs.club/images/661.png,2026-03-21 15:10:27,2026-03-22 15:10:27,2026-03-22 15:23:07,4,2026-03-22 15:23:07,43701670,0xfa561c739abe8469493e593569c5c2ccaebe4c695d457ff6b7b011a16b08a2bc,676,settled,11,3,0.11111,0.587412,@mr-r0b0t,https://farcaster.xyz/mr-r0b0t,0.11111,2026-03-22 15:18:07,@mr-r0b0t,https://farcaster.xyz/mr-r0b0t,0.11111,2026-03-22 15:23:23,#153/681,onchain_token_uri_verified,0x4a22213fbfeddb72fcdcf2ff895832a9416dec9cf580e2d2ba50a2d2be4426d3,0xf3950982275da81bc9837fc00580e9128884769266cf018b58941a6bd9100a98
660,https://api.degendogs.club/images/660.png,2026-03-20 14:46:01,2026-03-21 14:46:01,2026-03-21 15:09:51,12,2026-03-21 15:09:51,43658072,0xdea0702008d6dd84ee600ab193700cb0f0774bc055771e19a7b1bc8a185935cb,350,settled,17,4,0.1298,0.95425,@kumari,https://farcaster.xyz/kumari,0.1298,2026-03-21 15:04:51,@kumari,https://farcaster.xyz/kumari,0.1298,2026-03-21 15:10:27,#70/681,onchain_token_uri_verified,0x098d9afeffed2a29a09f1e8b2801b1a4fbe5a552cb55aa5ea93bd05ec5993c22,0x4a22213fbfeddb72fcdcf2ff895832a9416dec9cf580e2d2ba50a2d2be4426d3
659,https://api.degendogs.club/images/659.png,2026-03-19 14:38:49,2026-03-20 14:38:49,2026-03-20 14:45:49,6,2026-03-20 14:45:49,43614151,0xb646efc244b4165db079351bc3bc00dab8f101ab0d7700fb8c152084134b8819,1071,settled,19,6,0.07324,0.6151,@satoshimyro.eth,https://farcaster.xyz/satoshimyro.eth,0.07324,2026-03-20 14:40:49,@satoshimyro.eth,https://farcaster.xyz/satoshimyro.eth,0.07324,2026-03-20 14:46:01,#566/681,onchain_token_uri_verified,0x4b9e96283b89e2444ed4e7850a52bb235800c672ada22f58a8ce44f787f742cd,0x098d9afeffed2a29a09f1e8b2801b1a4fbe5a552cb55aa5ea93bd05ec5993c22
658,https://api.degendogs.club/images/658.png,2026-03-18 14:30:45,2026-03-19 14:30:45,2026-03-19 14:38:37,8,2026-03-19 14:38:37,43570735,0x86ab3f4281d04ebd880630a5a00881e011e5c5427d0dd2ce19ad7b8202b61378,530,settled,13,4,0.1,0.55992,@0xael.eth,https://farcaster.xyz/0xael.eth,0.1,2026-03-19 14:33:37,@0xael.eth,https://farcaster.xyz/0xael.eth,0.1,2026-03-19 14:38:49,#666/681,onchain_token_uri_verified,0x8e1fa54b62e6ff566fe80e76b43970bfaf3502514bd991e18198c07a60c7a4a0,0x4b9e96283b89e2444ed4e7850a52bb235800c672ada22f58a8ce44f787f742cd
657,https://api.degendogs.club/images/657.png,2026-03-17 14:30:27,2026-03-18 14:30:27,2026-03-18 14:30:27,0,,,,,settled,2,2,0.01,0.015,@0xael.eth,https://farcaster.xyz/0xael.eth,0.01,2026-03-17 15:12:17,@0xael.eth,https://farcaster.xyz/0xael.eth,0.01,2026-03-18 14:30:45,#414/681,onchain_token_uri_verified,0x0371db7306759898199507380627f0111968e18b95fb801d478acc0496580dd0,0x8e1fa54b62e6ff566fe80e76b43970bfaf3502514bd991e18198c07a60c7a4a0
656,https://api.degendogs.club/images/656.png,2026-03-16 13:40:37,2026-03-17 13:40:37,2026-03-17 13:44:49,1,2026-03-17 13:44:49,43482721,0x24b6d81b319f4bd9119e2b9518c84a90e74780c96a2c3fe8e12f177196a9ee6c,282,settled,3,3,0.011,0.022,@cryptomill,https://farcaster.xyz/cryptomill,0.011,2026-03-17 13:39:49,@cryptomill,https://farcaster.xyz/cryptomill,0.011,2026-03-17 14:30:27,#194/681,onchain_token_uri_verified,0x5164717a195822754cef96202156ad988a32c58c640fcb1ccb1d3c6e955f8dce,0x0371db7306759898199507380627f0111968e18b95fb801d478acc0496580dd0
655,https://api.degendogs.club/images/655.png,2026-03-15 13:40:21,2026-03-16 13:40:21,2026-03-16 13:40:21,0,,,,,settled,7,3,0.0165,0.08591,@thec1,https://farcaster.xyz/thec1,0.0165,2026-03-16 13:34:23,@thec1,https://farcaster.xyz/thec1,0.0165,2026-03-16 13:40:37,#16/681,onchain_token_uri_verified,0xa752e820fbcf6768af149440e5d5e89e28f3372d4325e345ecc29f8bfc3cefcd,0x5164717a195822754cef96202156ad988a32c58c640fcb1ccb1d3c6e955f8dce
654,https://api.degendogs.club/images/654.png,2026-03-14 13:22:39,2026-03-15 13:22:39,2026-03-15 13:22:39,0,,,,,settled,7,3,0.015,0.06246,@0xael.eth,https://farcaster.xyz/0xael.eth,0.015,2026-03-15 13:07:35,@0xael.eth,https://farcaster.xyz/0xael.eth,0.015,2026-03-15 13:40:21,#648/681,onchain_token_uri_verified,0x3fa6a05c09ea415f7606574b81786bb7cad7f0a314ae1d528180f9e497c0a95b,0xa752e820fbcf6768af149440e5d5e89e28f3372d4325e345ecc29f8bfc3cefcd
653,https://api.degendogs.club/images/653.png,2026-03-13 09:30:07,2026-03-14 09:30:07,2026-03-14 09:33:29,1,2026-03-14 09:33:29,43345581,0x9a62d1c605fe1580c2250639fab59547d5f0f0d073e6cc02e272ff3599b326bc,795,settled,3,2,0.0121,0.0331,@0xael.eth,https://farcaster.xyz/0xael.eth,0.0121,2026-03-14 09:28:29,@0xael.eth,https://farcaster.xyz/0xael.eth,0.0121,2026-03-14 13:22:39,#638/681,onchain_token_uri_verified,0x6bfa161e8f59bedd874f27e611b1e6552e2b0d049961410d15d95e031fff9205,0x3fa6a05c09ea415f7606574b81786bb7cad7f0a314ae1d528180f9e497c0a95b
652,https://api.degendogs.club/images/652.png,2026-03-12 09:01:37,2026-03-13 09:01:37,2026-03-13 09:01:37,0,,,,,settled,4,3,0.02,0.0415,@0xael.eth,https://farcaster.xyz/0xael.eth,0.02,2026-03-12 20:58:51,@0xael.eth,https://farcaster.xyz/0xael.eth,0.02,2026-03-13 09:30:07,#430/681,onchain_token_uri_verified,0x970d1dcc155c650767147ad00a0e94c0d34baf90d2713c4ea223c16d27790b8d,0x6bfa161e8f59bedd874f27e611b1e6552e2b0d049961410d15d95e031fff9205
651,https://api.degendogs.club/images/651.png,2026-03-11 08:27:57,2026-03-12 08:27:57,2026-03-12 08:31:51,1,2026-03-12 08:31:51,43257332,0xb5d3b3294a013b9528c934529eb0ea4e1a3219db5839e8a4170ecde31eb40925,422,settled,7,4,0.01465,0.06706,@cryptomill,https://farcaster.xyz/cryptomill,0.01465,2026-03-12 08:26:51,@cryptomill,https://farcaster.xyz/cryptomill,0.01465,2026-03-12 09:01:37,#515/681,onchain_token_uri_verified,0xb10e1c930e13020625583d420b85dc31fcb92a87666d5ab601e15af304ad1e6f,0x970d1dcc155c650767147ad00a0e94c0d34baf90d2713c4ea223c16d27790b8d
650,https://api.degendogs.club/images/650.png,2026-03-10 08:25:23,2026-03-11 08:25:23,2026-03-11 08:25:23,0,,,,,settled,4,4,0.011,0.027,@thec1,https://farcaster.xyz/thec1,0.011,2026-03-10 20:53:01,@thec1,https://farcaster.xyz/thec1,0.011,2026-03-11 08:27:57,#572/681,onchain_token_uri_verified,0xa4ea24adf6bd6a53510ea7445d9557db3c4cc8c16af45f71e1bab84ff6d6e823,0xb10e1c930e13020625583d420b85dc31fcb92a87666d5ab601e15af304ad1e6f
649,https://api.degendogs.club/images/649.png,2026-03-09 08:19:19,2026-03-10 08:19:19,2026-03-10 08:23:45,5,2026-03-10 08:23:45,43170689,0x860f93c6de05e04df068185d51a78626d47b056a8fcb84f1a36e28d52d24d65c,602,settled,14,6,0.01798,0.13322,@vorcha,https://farcaster.xyz/vorcha,0.01798,2026-03-10 08:18:45,@vorcha,https://farcaster.xyz/vorcha,0.01798,2026-03-10 08:25:23,#655/681,onchain_token_uri_verified,0xfe9b367d7fd5f2109c95d126408af2c8135469f5e399215fa84a0da302c343c1,0xa4ea24adf6bd6a53510ea7445d9557db3c4cc8c16af45f71e1bab84ff6d6e823
648,https://api.degendogs.club/images/648.png,2026-03-08 08:16:11,2026-03-09 08:16:11,2026-03-09 08:18:49,2,2026-03-09 08:18:49,43127341,0xa36c270a041bdf14e15655e133ba8f42ae210814280c8092bc8e709ca046c3a5,902,settled,8,6,0.00988,0.05332,@stemo.eth,https://farcaster.xyz/stemo.eth,0.00988,2026-03-09 08:13:49,@stemo.eth,https://farcaster.xyz/stemo.eth,0.00988,2026-03-09 08:19:19,#10/681,onchain_token_uri_verified,0xaf1c2aa8bc9b7eb7d917cf923790e1963c2b85dcddad6a720ebe3615b76533ee,0xfe9b367d7fd5f2109c95d126408af2c8135469f5e399215fa84a0da302c343c1
647,https://api.degendogs.club/images/647.png,2026-03-07 08:05:31,2026-03-08 08:05:31,2026-03-08 08:16:01,7,2026-03-08 08:16:01,43084057,0x6cfb5828602d390a225b3cb8b0a19fcfc278099a9bbbd09869f55b1516ba5702,456,settled,24,10,0.02103,0.16981,@dl39,https://farcaster.xyz/dl39,0.02103,2026-03-08 08:11:01,@dl39,https://farcaster.xyz/dl39,0.02103,2026-03-08 08:16:11,#267/681,onchain_token_uri_verified,0x67d9fcd08e312c367d1f3b22c97500ddb1a02b671f291ccb47a750f92ebfbe04,0xaf1c2aa8bc9b7eb7d917cf923790e1963c2b85dcddad6a720ebe3615b76533ee
646,https://api.degendogs.club/images/646.png,2026-03-06 08:00:27,2026-03-07 08:00:27,2026-03-07 08:05:19,2,2026-03-07 08:05:19,43040536,0x338d8c236754450e73633901e215ee3b7270e051a9d1b99225a414bfb070517e,1221,settled,11,8,0.0121,0.04571,@vorcha,https://farcaster.xyz/vorcha,0.0121,2026-03-07 08:00:19,@vorcha,https://farcaster.xyz/vorcha,0.0121,2026-03-07 08:05:31,#99/681,onchain_token_uri_verified,0x79ccf924c106907b21afd71aa45495a51beb96b7da7b09ca2f94429135b55117,0x67d9fcd08e312c367d1f3b22c97500ddb1a02b671f291ccb47a750f92ebfbe04
645,https://api.degendogs.club/images/645.png,2026-03-05 07:56:43,2026-03-06 07:56:43,2026-03-06 08:00:11,3,2026-03-06 08:00:11,42997182,0x71d48d8976a258d709b0ac56e27c6427a44e9bcc9c4c76d5031222607ec25f3d,609,settled,11,5,0.00874,0.06218,@cryptomill,https://farcaster.xyz/cryptomill,0.00874,2026-03-06 07:55:11,@cryptomill,https://farcaster.xyz/cryptomill,0.00874,2026-03-06 08:00:27,#260/681,onchain_token_uri_verified,0xd80d4f8c31b800ca25a9f16bbefbc583dbff527cc4d47432555cd62592b34554,0x79ccf924c106907b21afd71aa45495a51beb96b7da7b09ca2f94429135b55117
644,https://api.degendogs.club/images/644.png,2026-03-04 07:52:37,2026-03-05 07:52:37,2026-03-05 07:52:37,0,,,,,settled,9,6,0.01,0.02429,@vorcha,https://farcaster.xyz/vorcha,0.01,2026-03-05 06:57:31,@vorcha,https://farcaster.xyz/vorcha,0.01,2026-03-05 07:56:43,#565/681,onchain_token_uri_verified,0x98ac03e19e015a5d58848994b1bfc2d9a0efbf2a030ae5620187f5447fbd24e8,0xd80d4f8c31b800ca25a9f16bbefbc583dbff527cc4d47432555cd62592b34554
643,https://api.degendogs.club/images/643.png,2026-03-03 07:42:23,2026-03-04 07:42:23,2026-03-04 07:42:23,0,,,,,settled,4,2,0.0123,0.0413,@consta,https://farcaster.xyz/consta,0.0123,2026-03-04 03:38:31,@consta,https://farcaster.xyz/consta,0.0123,2026-03-04 07:52:37,#463/681,onchain_token_uri_verified,0x0cda7a5577643ce286fec661e3ac09af3bad4721427431b54b5fbd71ddbd8d16,0x98ac03e19e015a5d58848994b1bfc2d9a0efbf2a030ae5620187f5447fbd24e8
642,https://api.degendogs.club/images/642.png,2026-03-02 07:30:01,2026-03-03 07:30:01,2026-03-03 07:39:05,6,2026-03-03 07:39:05,42866949,0x08e5f19ecd5f24c1578546401f32703701ae32d65b299827950a628067ad6527,832,settled,14,6,0.0138,0.09942,@vorcha,https://farcaster.xyz/vorcha,0.0138,2026-03-03 07:34:05,@vorcha,https://farcaster.xyz/vorcha,0.0138,2026-03-03 07:42:23,#204/681,onchain_token_uri_verified,0x6518c51c831f8ae06b5841c13627516cfd3422452994ecfee954bddb4eed9b6e,0x0cda7a5577643ce286fec661e3ac09af3bad4721427431b54b5fbd71ddbd8d16
641,https://api.degendogs.club/images/641.png,2026-03-01 06:59:13,2026-03-02 06:59:13,2026-03-02 06:59:13,0,,,,,settled,4,3,0.00888,0.03094,@cctv1,https://farcaster.xyz/cctv1,0.00888,2026-03-02 03:01:29,@cctv1,https://farcaster.xyz/cctv1,0.00888,2026-03-02 07:30:01,#394/681,onchain_token_uri_verified,0x744be070f74b589f7239ccc117baf6368209314ed546a47d00e18a8cd5c3d873,0x6518c51c831f8ae06b5841c13627516cfd3422452994ecfee954bddb4eed9b6e
640,https://api.degendogs.club/images/640.png,2026-02-28 06:55:55,2026-03-01 06:55:55,2026-03-01 06:56:15,1,2026-03-01 06:56:15,42779264,0x3eecc5608802494a64e70498012ce371f201bb944b909ca6ec84b24bccb080d4,101,settled,7,4,0.00807,0.03961,@isodl,https://farcaster.xyz/isodl,0.00807,2026-03-01 06:51:15,@isodl,https://farcaster.xyz/isodl,0.00807,2026-03-01 06:59:13,#409/681,onchain_token_uri_verified,0x2f0b4dac1b201f9caf30f0f1618f44ab4143c18ee3d62ca619e2300b317522c4,0x744be070f74b589f7239ccc117baf6368209314ed546a47d00e18a8cd5c3d873
639,https://api.degendogs.club/images/639.png,2026-02-27 06:48:23,2026-02-28 06:48:23,2026-02-28 06:54:53,2,2026-02-28 06:54:53,42736023,0xda9ce5ee99eca0c4fe49bfeb7b2199856b5cf22e09f5c24fe26ba6b708ebcef1,142,settled,16,9,0.00733,0.04878,@vaibhavmule,https://farcaster.xyz/vaibhavmule,0.00733,2026-02-28 06:49:53,@vaibhavmule,https://farcaster.xyz/vaibhavmule,0.00733,2026-02-28 06:55:55,#248/681,onchain_token_uri_verified,0xdbd5a5133acdf90f930b48ce1f5c6d57d737f1974d43d38436aa0617d226ade7,0x2f0b4dac1b201f9caf30f0f1618f44ab4143c18ee3d62ca619e2300b317522c4
638,https://api.degendogs.club/images/638.png,2026-02-26 06:46:45,2026-02-27 06:46:45,2026-02-27 06:46:45,0,,,,,settled,6,5,0.00733,0.03104,@cctv1,https://farcaster.xyz/cctv1,0.00733,2026-02-27 04:46:49,@cctv1,https://farcaster.xyz/cctv1,0.00733,2026-02-27 06:48:23,#72/681,onchain_token_uri_verified,0x47225c1442d007cf6e959c33cc2a4b9537508f10586f3d65546b9bc158af3a25,0xdbd5a5133acdf90f930b48ce1f5c6d57d737f1974d43d38436aa0617d226ade7
637,https://api.degendogs.club/images/637.png,2026-02-25 06:41:25,2026-02-26 06:41:25,2026-02-26 06:41:25,0,,,,,settled,1,1,0.01,0.01,@dl39,https://farcaster.xyz/dl39,0.01,2026-02-25 06:48:07,@dl39,https://farcaster.xyz/dl39,0.01,2026-02-26 06:46:45,#321/681,onchain_token_uri_verified,0xc958aad5e80cac3f07e45c115c67adf6bc2be8eb5ed8ca1b0d99a684826c9c33,0x47225c1442d007cf6e959c33cc2a4b9537508f10586f3d65546b9bc158af3a25
636,https://api.degendogs.club/images/636.png,2026-02-24 06:30:03,2026-02-25 06:30:03,2026-02-25 06:34:49,1,2026-02-25 06:34:49,42605821,0x697cf073c8e325d0667ecfdc2f668181f140d8528a0458a91d6b67a286991ea1,311,settled,6,5,0.011,0.02334,@cryptomill,https://farcaster.xyz/cryptomill,0.011,2026-02-25 06:29:49,@cryptomill,https://farcaster.xyz/cryptomill,0.011,2026-02-25 06:41:25,#237/681,onchain_token_uri_verified,0xc107ca5fa97c6e6f33b398e4bf5a94815393403bb3b4fec068b9e192b8ca890a,0xc958aad5e80cac3f07e45c115c67adf6bc2be8eb5ed8ca1b0d99a684826c9c33
635,https://api.degendogs.club/images/635.png,2026-02-23 06:29:37,2026-02-24 06:29:37,2026-02-24 06:29:37,0,,,,,settled,1,1,0.01111,0.01111,@neghvar.eth,https://farcaster.xyz/neghvar.eth,0.01111,2026-02-23 06:30:03,@neghvar.eth,https://farcaster.xyz/neghvar.eth,0.01111,2026-02-24 06:30:03,#560/681,onchain_token_uri_verified,0x3e731e292ebeb6be2322ff4e1d80ad6f9c646e66b596a79c96104bb2eefaee91,0xc107ca5fa97c6e6f33b398e4bf5a94815393403bb3b4fec068b9e192b8ca890a
634,https://api.degendogs.club/images/634.png,2026-02-22 06:28:37,2026-02-23 06:28:37,2026-02-23 06:28:37,0,,,,,settled,3,3,0.011,0.029,@neghvar.eth,https://farcaster.xyz/neghvar.eth,0.011,2026-02-23 06:03:17,@neghvar.eth,https://farcaster.xyz/neghvar.eth,0.011,2026-02-23 06:29:37,#640/681,onchain_token_uri_verified,0xb07039137e3d71050c3fbef915d0646e3cda14bdabb7de2adf86142a85e3e529,0x3e731e292ebeb6be2322ff4e1d80ad6f9c646e66b596a79c96104bb2eefaee91
633,https://api.degendogs.club/images/633.png,2026-02-21 06:26:53,2026-02-22 06:26:53,2026-02-22 06:26:53,0,,,,,settled,5,5,0.02222,0.04427,@neghvar.eth,https://farcaster.xyz/neghvar.eth,0.02222,2026-02-22 05:28:53,@neghvar.eth,https://farcaster.xyz/neghvar.eth,0.02222,2026-02-22 06:28:37,#626/681,onchain_token_uri_verified,0x61c5ac667fdf9958d41e9b5e82cbed9aa9dd3bb846219d1b030651f0b8f0437b,0xb07039137e3d71050c3fbef915d0646e3cda14bdabb7de2adf86142a85e3e529
632,https://api.degendogs.club/images/632.png,2026-02-20 06:21:29,2026-02-21 06:21:29,2026-02-21 06:21:29,0,,,,,settled,1,1,0.01234,0.01234,@dl39,https://farcaster.xyz/dl39,0.01234,2026-02-20 06:21:57,@dl39,https://farcaster.xyz/dl39,0.01234,2026-02-21 06:26:53,#91/681,onchain_token_uri_verified,0x28ca4cbd01944f1e5cf494926d898def36477fc2f26c9c76160fc0b76afb2832,0x61c5ac667fdf9958d41e9b5e82cbed9aa9dd3bb846219d1b030651f0b8f0437b
631,https://api.degendogs.club/images/631.png,2026-02-19 06:15:05,2026-02-20 06:15:05,2026-02-20 06:19:33,1,2026-02-20 06:19:33,42389363,0x530df15e155caae7483d8a08a1c5fa3cbed0361f7ec32d1281b2ab19d78e1bb2,786,settled,6,6,0.01494,0.04418,@cryptomill,https://farcaster.xyz/cryptomill,0.01494,2026-02-20 06:14:33,@cryptomill,https://farcaster.xyz/cryptomill,0.01494,2026-02-20 06:21:29,#573/681,onchain_token_uri_verified,0x6e67157ba2ec9678423fba58a4a4e3e169710d26de1267d03abab9bb38dc5025,0x28ca4cbd01944f1e5cf494926d898def36477fc2f26c9c76160fc0b76afb2832
630,https://api.degendogs.club/images/630.png,2026-02-18 05:56:53,2026-02-19 05:56:53,2026-02-19 06:11:35,5,2026-02-19 06:11:35,42345924,0x9ba61c37613545eb0abca8815928d7000e7b4447b369f64d5fad45871e7e9b47,686,settled,7,4,0.02742,0.13179,@iiccii,https://farcaster.xyz/iiccii,0.02742,2026-02-19 06:06:35,@iiccii,https://farcaster.xyz/iiccii,0.02742,2026-02-19 06:15:05,#141/681,onchain_token_uri_verified,0xe606629719c886495dbb95b0f2993cfca09a4ae4db6954e05d9e12e6955ce9e4,0x6e67157ba2ec9678423fba58a4a4e3e169710d26de1267d03abab9bb38dc5025
629,https://api.degendogs.club/images/629.png,2026-02-17 05:52:17,2026-02-18 05:52:17,2026-02-18 05:56:01,1,2026-02-18 05:56:01,42302257,0xe04df69254e1f9fbb645b1f338c68fb233945ae20e31dd229e1a881265508a88,680,settled,4,3,0.0269,0.09257,@vorcha,https://farcaster.xyz/vorcha,0.0269,2026-02-18 05:51:01,@vorcha,https://farcaster.xyz/vorcha,0.0269,2026-02-18 05:56:53,#399/681,onchain_token_uri_verified,0x2d62171c4d5ebbc70cad3ec656e9de3b433d0261e1229a1a29a8528c17266a38,0xe606629719c886495dbb95b0f2993cfca09a4ae4db6954e05d9e12e6955ce9e4
628,https://api.degendogs.club/images/628.png,2026-02-16 05:47:05,2026-02-17 05:47:05,2026-02-17 05:51:13,1,2026-02-17 05:51:13,42258913,0xf17a6227f6652e3c00e629b9a81b35555c12d04596248903e18e73805ba79da7,479,settled,5,4,0.0209,0.0453,@metasalary,https://farcaster.xyz/metasalary,0.0209,2026-02-17 05:46:13,@metasalary,https://farcaster.xyz/metasalary,0.0209,2026-02-17 05:52:17,#536/681,onchain_token_uri_verified,0xc95b4d0a2e0e969614762d333094ebdfac2b677ad5d68ffdf8170bd794068a72,0x2d62171c4d5ebbc70cad3ec656e9de3b433d0261e1229a1a29a8528c17266a38
627,https://api.degendogs.club/images/627.png,2026-02-15 05:31:39,2026-02-16 05:31:39,2026-02-16 05:42:41,6,2026-02-16 05:42:41,42215457,0x54c040fd2f88926897083cf0226b7454183e513bcbeecb81aaeec6f577709ed2,935,settled,15,7,0.02492,0.16802,@thec1,https://farcaster.xyz/thec1,0.02492,2026-02-16 05:37:41,@thec1,https://farcaster.xyz/thec1,0.02492,2026-02-16 05:47:05,#278/681,onchain_token_uri_verified,0x86d1b150711bc4610eb20bf7a6acff83fe2cda5561b8b59c8325f646e6b457e1,0xc95b4d0a2e0e969614762d333094ebdfac2b677ad5d68ffdf8170bd794068a72
626,https://api.degendogs.club/images/626.png,2026-02-14 05:17:27,2026-02-15 05:17:27,2026-02-15 05:25:41,3,2026-02-15 05:25:41,42171747,0x906d68bd0804e637c904e28101287d797bb3753461b5c5f2c7c62fa6eb2305ed,859,settled,8,4,0.02131,0.12403,@cryptomill,https://farcaster.xyz/cryptomill,0.02131,2026-02-15 05:20:41,@cryptomill,https://farcaster.xyz/cryptomill,0.02131,2026-02-15 05:31:39,#656/681,onchain_token_uri_verified,0xe395b1eb9afa2b9cf5cb62054d13b77c65ce2f827f21313653457c5ae299b140,0x86d1b150711bc4610eb20bf7a6acff83fe2cda5561b8b59c8325f646e6b457e1
625,https://api.degendogs.club/images/625.png,2026-02-13 05:07:13,2026-02-14 05:07:13,2026-02-14 05:17:15,6,2026-02-14 05:17:15,42128294,0x993aab55c4c9f6d27f2840ed0167777675c3afc2805ed9cbf133d23b635b0153,709,settled,15,7,0.0286,0.21747,@dl39,https://farcaster.xyz/dl39,0.0286,2026-02-14 05:12:15,@dl39,https://farcaster.xyz/dl39,0.0286,2026-02-14 05:17:27,#483/681,onchain_token_uri_verified,0x08722c191337681fe017e9cccb055231a6656f0e473062bc95bea83270909e04,0xe395b1eb9afa2b9cf5cb62054d13b77c65ce2f827f21313653457c5ae299b140
624,https://api.degendogs.club/images/624.png,2026-02-12 04:53:39,2026-02-13 04:53:39,2026-02-13 05:07:01,6,2026-02-13 05:07:01,42084787,0x69315b06fccf6f95d0888bb5ba3021e7f10c41beabb13059cd0111b55388f920,642,settled,9,3,0.01952,0.11944,@stemo.eth,https://farcaster.xyz/stemo.eth,0.01952,2026-02-13 05:02:01,@stemo.eth,https://farcaster.xyz/stemo.eth,0.01952,2026-02-13 05:07:13,#558/681,onchain_token_uri_verified,0x579ff1dc2617f3a8344ab486c420aa6cb1aa65f877f48d59816565faee62eb76,0x08722c191337681fe017e9cccb055231a6656f0e473062bc95bea83270909e04
623,https://api.degendogs.club/images/623.png,2026-02-11 04:40:17,2026-02-12 04:40:17,2026-02-12 04:53:27,6,2026-02-12 04:53:27,42041180,0xcdbf69488d54939ea8a102a70eff387609802299b12f7005b88491656ccec34c,246,settled,10,5,0.02363,0.15955,@iiccii,https://farcaster.xyz/iiccii,0.02363,2026-02-12 04:48:27,@iiccii,https://farcaster.xyz/iiccii,0.02363,2026-02-12 04:53:39,#218/681,onchain_token_uri_verified,0x4bd68c48ee25b8028ce6c7d7d2ca93be992e081427e3d21f978f991b76eedbce,0x579ff1dc2617f3a8344ab486c420aa6cb1aa65f877f48d59816565faee62eb76
622,https://api.degendogs.club/images/622.png,2026-02-10 04:26:01,2026-02-11 04:26:01,2026-02-11 04:38:33,5,2026-02-11 04:38:33,41997533,0xfdb94bef3ea472cb47a45de0e84f4b777d99e00a00d5dbb2f2f536968c67c00d,536,settled,11,7,0.03123,0.2229,@skunkape,https://farcaster.xyz/skunkape,0.03123,2026-02-11 04:33:33,@skunkape,https://farcaster.xyz/skunkape,0.03123,2026-02-11 04:40:17,#432/681,onchain_token_uri_verified,0x4d15d96913daaab1ec32829b4bc8a95fbd44746dd397e57fd80f5119d31c80ea,0x4bd68c48ee25b8028ce6c7d7d2ca93be992e081427e3d21f978f991b76eedbce
621,https://api.degendogs.club/images/621.png,2026-02-09 04:16:55,2026-02-10 04:16:55,2026-02-10 04:25:45,2,2026-02-10 04:25:45,41953949,0xe152b0146e58906ee3530e8c3ff76360bf03ad77e57aa25f85a62a7480183487,440,settled,7,5,0.0242,0.11261,@neghvar.eth,https://farcaster.xyz/neghvar.eth,0.0242,2026-02-10 04:20:45,@neghvar.eth,https://farcaster.xyz/neghvar.eth,0.0242,2026-02-10 04:26:01,#464/681,onchain_token_uri_verified,0xaa96ebfb4b2e2ffb481e51a7ab22395e2374f895993f4231b0c0d312949cd865,0x4d15d96913daaab1ec32829b4bc8a95fbd44746dd397e57fd80f5119d31c80ea
620,https://api.degendogs.club/images/620.png,2026-02-08 04:16:43,2026-02-09 04:16:43,2026-02-09 04:16:43,0,,,,,settled,5,5,0.01974,0.07848,@vorcha,https://farcaster.xyz/vorcha,0.01974,2026-02-09 04:06:15,@vorcha,https://farcaster.xyz/vorcha,0.01974,2026-02-09 04:16:55,#114/681,onchain_token_uri_verified,0xa448139dd7b3e690ceb658eab50cecd469bc17492413c31402123e69434a0904,0xaa96ebfb4b2e2ffb481e51a7ab22395e2374f895993f4231b0c0d312949cd865
619,https://api.degendogs.club/images/619.png,2026-02-07 04:10:31,2026-02-08 04:10:31,2026-02-08 04:16:27,5,2026-02-08 04:16:27,41867270,0x4fafb8ee473026397c13a0bb7cd7088a850de2af4d28e12bb06b97f975a17793,230,settled,8,3,0.02222,0.11714,@dl39,https://farcaster.xyz/dl39,0.02222,2026-02-08 04:11:27,@dl39,https://farcaster.xyz/dl39,0.02222,2026-02-08 04:16:43,#358/681,onchain_token_uri_verified,0xf2221316d3b0545fad3480cec5e096f37a1fedc08a9e80b08b506a2b7308c860,0xa448139dd7b3e690ceb658eab50cecd469bc17492413c31402123e69434a0904
618,https://api.degendogs.club/images/618.png,2026-02-06 04:02:23,2026-02-07 04:02:23,2026-02-07 04:02:23,0,,,,,settled,5,3,0.011,0.03755,@cryptomill,https://farcaster.xyz/cryptomill,0.011,2026-02-07 03:55:11,@cryptomill,https://farcaster.xyz/cryptomill,0.011,2026-02-07 04:10:31,#120/681,onchain_token_uri_verified,0x3665fd1ced39bac6f81847c9f0a2ab85c9f0afeb26d53486e02a862d1e28af61,0xf2221316d3b0545fad3480cec5e096f37a1fedc08a9e80b08b506a2b7308c860
617,https://api.degendogs.club/images/617.png,2026-02-05 04:01:43,2026-02-06 04:01:43,2026-02-06 04:01:43,0,,,,,settled,3,3,0.0242,0.0662,@cryptomill,https://farcaster.xyz/cryptomill,0.0242,2026-02-05 23:38:01,@cryptomill,https://farcaster.xyz/cryptomill,0.0242,2026-02-06 04:02:23,#467/681,onchain_token_uri_verified,0x48cd560591ef180f8c164024b782b04fd6bc4774e2bedac2e2168f061155126d,0x3665fd1ced39bac6f81847c9f0a2ab85c9f0afeb26d53486e02a862d1e28af61
616,https://api.degendogs.club/images/616.png,2026-02-04 04:00:41,2026-02-05 04:00:41,2026-02-05 04:00:41,0,,,,,settled,3,3,0.01816,0.04966,@neghvar.eth,https://farcaster.xyz/neghvar.eth,0.01816,2026-02-05 03:50:41,@neghvar.eth,https://farcaster.xyz/neghvar.eth,0.01816,2026-02-05 04:01:43,#454/681,onchain_token_uri_verified,0xacb23b1ef567461d9e95200e012dd52b6f69d960343e46aac605c8c8cc063c65,0x48cd560591ef180f8c164024b782b04fd6bc4774e2bedac2e2168f061155126d
615,https://api.degendogs.club/images/615.png,2026-02-03 03:21:59,2026-02-04 03:21:59,2026-02-04 03:59:23,14,2026-02-04 03:59:23,41693958,0x823152a4f6db0f79cf255b6c5a56699c7ab43ac1283fc8a46f586a4f879a554d,630,settled,38,14,0.06666,0.6972,@vorcha,https://farcaster.xyz/vorcha,0.06666,2026-02-04 03:54:23,@vorcha,https://farcaster.xyz/vorcha,0.06666,2026-02-04 04:00:41,#654/681,onchain_token_uri_verified,0xed2d0a4f2d6ae608038f0616403c05b2ce19a082b4955b8edefb897e8aa9896d,0xacb23b1ef567461d9e95200e012dd52b6f69d960343e46aac605c8c8cc063c65
614,https://api.degendogs.club/images/614.png,2026-02-02 03:06:19,2026-02-03 03:06:19,2026-02-03 03:21:47,4,2026-02-03 03:21:47,41649630,0x75d7f924b1f697c91ee0215d646177b9a89617d12530e73babd7d0480e90a3a4,884,settled,12,7,0.05851,0.36647,@dl39,https://farcaster.xyz/dl39,0.05851,2026-02-03 03:16:47,@dl39,https://farcaster.xyz/dl39,0.05851,2026-02-03 03:21:59,#606/681,onchain_token_uri_verified,0x8ff9c219f286e110c59df5cf77a3e1541d700fbca9b8c6db8b94f89c7daf7a3a,0xed2d0a4f2d6ae608038f0616403c05b2ce19a082b4955b8edefb897e8aa9896d
613,https://api.degendogs.club/images/613.png,2026-02-01 03:01:03,2026-02-02 03:01:03,2026-02-02 03:06:07,7,2026-02-02 03:06:07,41605960,0x1a48641b7c716745257b1bc6c32f55f3e18146b859b72dc370399ba1246c68a5,270,settled,19,10,0.07468,0.48945,@neghvar.eth,https://farcaster.xyz/neghvar.eth,0.07468,2026-02-02 03:01:07,@neghvar.eth,https://farcaster.xyz/neghvar.eth,0.07468,2026-02-02 03:06:19,#103/681,onchain_token_uri_verified,0xc669800e09f1707831348b0648853315b719972124c3ec6c9f008bba9c823e05,0x8ff9c219f286e110c59df5cf77a3e1541d700fbca9b8c6db8b94f89c7daf7a3a
612,https://api.degendogs.club/images/612.png,2026-01-31 03:00:13,2026-02-01 03:00:13,2026-02-01 03:00:13,0,,,,,settled,3,2,0.07624,0.20854,@stemo.eth,https://farcaster.xyz/stemo.eth,0.07624,2026-01-31 11:12:11,@stemo.eth,https://farcaster.xyz/stemo.eth,0.07624,2026-02-01 03:01:03,#421/681,onchain_token_uri_verified,0x6f5bb4a229936084ad5b57e1137e0f392c67d8d0003e99029108339593ab1ace,0xc669800e09f1707831348b0648853315b719972124c3ec6c9f008bba9c823e05
611,https://api.degendogs.club/images/611.png,2026-01-30 02:51:53,2026-01-31 02:51:53,2026-01-31 02:51:53,0,,,,,settled,3,3,0.07701,0.15701,@iiccii,https://farcaster.xyz/iiccii,0.07701,2026-01-31 01:00:43,@iiccii,https://farcaster.xyz/iiccii,0.07701,2026-01-31 03:00:13,#101/681,onchain_token_uri_verified,0xf762e9730f2ad9ca2fd09a516b9021fada207d1c3fb6430bc99ddaa95c052064,0x6f5bb4a229936084ad5b57e1137e0f392c67d8d0003e99029108339593ab1ace
610,https://api.degendogs.club/images/610.png,2026-01-29 02:41:57,2026-01-30 02:41:57,2026-01-30 02:42:27,1,2026-01-30 02:42:27,41475650,0x10a00fbe58a4bad4c7c4f55c96bef863cc98939e5892a42657221bab57edb0ba,265,settled,5,4,0.10253,0.42746,@yes2crypto.eth,https://farcaster.xyz/yes2crypto.eth,0.10253,2026-01-30 02:37:27,@yes2crypto.eth,https://farcaster.xyz/yes2crypto.eth,0.10253,2026-01-30 02:51:53,#195/681,onchain_token_uri_verified,0x64a681b5d8a5439659975f6eb8f11799b00f7999b8b82c5f99c946d428c9b634,0xf762e9730f2ad9ca2fd09a516b9021fada207d1c3fb6430bc99ddaa95c052064
609,https://api.degendogs.club/images/609.png,2026-01-28 02:36:17,2026-01-29 02:36:17,2026-01-29 02:36:17,0,,,,,settled,3,3,0.0802,0.1222,@stemo.eth,https://farcaster.xyz/stemo.eth,0.0802,2026-01-28 05:53:57,@stemo.eth,https://farcaster.xyz/stemo.eth,0.0802,2026-01-29 02:41:57,#518/681,onchain_token_uri_verified,0xa60ad4856076d9cd643664bb826ff17a0aab905259dc1b883598aa84d47a2f93,0x64a681b5d8a5439659975f6eb8f11799b00f7999b8b82c5f99c946d428c9b634
608,https://api.degendogs.club/images/608.png,2026-01-27 02:26:13,2026-01-28 02:26:13,2026-01-28 02:30:49,1,2026-01-28 02:30:49,41388901,0xf674f718110d2ac280010fcb7f86283b2e44a132ceb6b5255a12ad0343c4f19b,263,settled,5,5,0.0968,0.30261,@mr-r0b0t,https://farcaster.xyz/mr-r0b0t,0.0968,2026-01-28 02:25:49,@mr-r0b0t,https://farcaster.xyz/mr-r0b0t,0.0968,2026-01-28 02:36:17,#420/681,onchain_token_uri_verified,0x29af2677e80c5b66fb2c72b73f20aafb5cbc579f5bb53026fc73ec33b57732d4,0xa60ad4856076d9cd643664bb826ff17a0aab905259dc1b883598aa84d47a2f93
607,https://api.degendogs.club/images/607.png,2026-01-26 02:11:31,2026-01-27 02:11:31,2026-01-27 02:25:53,12,2026-01-27 02:25:53,41345553,0xd3d056ea6b8c04589356456de99ec3035b930aa0a9ca663df6fdf8ed7949f0b8,1155,settled,46,18,0.085,0.89224,@hydropho.eth,https://farcaster.xyz/hydropho.eth,0.085,2026-01-27 02:20:53,@hydropho.eth,https://farcaster.xyz/hydropho.eth,0.085,2026-01-27 02:26:13,#304/681,onchain_token_uri_verified,0xdd43a530bfa766343a1c141a1c793831988f442a4951a84aa2d65fe7bfe3efb4,0x29af2677e80c5b66fb2c72b73f20aafb5cbc579f5bb53026fc73ec33b57732d4
606,https://api.degendogs.club/images/606.png,2026-01-25 02:04:35,2026-01-26 02:04:35,2026-01-26 02:04:35,0,,,,,settled,29,17,0.08073,0.42932,@ohosttcod,https://farcaster.xyz/ohosttcod,0.08073,2026-01-26 01:57:25,@ohosttcod,https://farcaster.xyz/ohosttcod,0.08073,2026-01-26 02:11:31,#59/681,onchain_token_uri_verified,0xe3067188f714e719d34fb1bd29f35f34736e0ce1999ffb6d95cdbd1b37403748,0xdd43a530bfa766343a1c141a1c793831988f442a4951a84aa2d65fe7bfe3efb4
605,https://api.degendogs.club/images/605.png,2026-01-24 01:52:47,2026-01-25 01:52:47,2026-01-25 02:04:23,6,2026-01-25 02:04:23,41258508,0xbdf51dba8abb8ede029ba3287b75d0f10831b4062fa16b100e76b0d2b3aecd33,772,settled,26,11,0.1359,0.9819,@mr-r0b0t,https://farcaster.xyz/mr-r0b0t,0.1359,2026-01-25 01:59:23,@mr-r0b0t,https://farcaster.xyz/mr-r0b0t,0.1359,2026-01-25 02:04:35,#633/681,onchain_token_uri_verified,0x06fea1251127e9639e5d571f7a1bda02c6643b6b76fb209a9ab153df3e353e73,0xe3067188f714e719d34fb1bd29f35f34736e0ce1999ffb6d95cdbd1b37403748
604,https://api.degendogs.club/images/604.png,2026-01-23 01:52:25,2026-01-24 01:52:25,2026-01-24 01:52:25,0,,,,,settled,6,5,0.18232,0.52137,@stemo.eth,https://farcaster.xyz/stemo.eth,0.18232,2026-01-23 17:12:47,@stemo.eth,https://farcaster.xyz/stemo.eth,0.18232,2026-01-24 01:52:47,#53/681,onchain_token_uri_verified,0xd8f31d36afcf368d72f4a0f7b358b36b5856d7d96999c5c7fb73ff1a915ae617,0x06fea1251127e9639e5d571f7a1bda02c6643b6b76fb209a9ab153df3e353e73
603,https://api.degendogs.club/images/603.png,2026-01-22 01:52:07,2026-01-23 01:52:07,2026-01-23 01:52:07,0,,,,,settled,6,6,0.19818,0.6426,@ohosttcod,https://farcaster.xyz/ohosttcod,0.19818,2026-01-23 00:18:25,@ohosttcod,https://farcaster.xyz/ohosttcod,0.19818,2026-01-23 01:52:25,#387/681,onchain_token_uri_verified,0xc134a46ad7bceaabd381287b09e9a3270063dfdf57548536fa6d856fbbb93ed3,0xd8f31d36afcf368d72f4a0f7b358b36b5856d7d96999c5c7fb73ff1a915ae617
602,https://api.degendogs.club/images/602.png,2026-01-21 01:47:35,2026-01-22 01:47:35,2026-01-22 01:47:35,0,,,,,settled,6,5,0.18,0.50711,@ohosttcod,https://farcaster.xyz/ohosttcod,0.18,2026-01-22 01:42:35,@ohosttcod,https://farcaster.xyz/ohosttcod,0.18,2026-01-22 01:52:07,#657/681,onchain_token_uri_verified,0xa5c0d2145366c6329d5310c39498350bd72d3ddfcb2dd53f4b3da7d56d6f943f,0xc134a46ad7bceaabd381287b09e9a3270063dfdf57548536fa6d856fbbb93ed3
601,https://api.degendogs.club/images/601.png,2026-01-20 01:32:05,2026-01-21 01:32:05,2026-01-21 01:45:01,7,2026-01-21 01:45:01,41085127,0x50684fd0377908e6ee47dc4e78d260fb638929e75d349a4a49713f1d80e32e71,874,settled,14,7,0.23692,1.50392,@vaibhavmule,https://farcaster.xyz/vaibhavmule,0.23692,2026-01-21 01:40:01,@vaibhavmule,https://farcaster.xyz/vaibhavmule,0.23692,2026-01-21 01:47:35,#548/681,onchain_token_uri_verified,0x325c8ddef5ae74fb2009c17813bd43b05d5662dfba75a1a5e2ea0dd52c4d33b5,0xa5c0d2145366c6329d5310c39498350bd72d3ddfcb2dd53f4b3da7d56d6f943f
600,https://api.degendogs.club/images/600.png,2026-01-19 01:28:37,2026-01-20 01:28:37,2026-01-20 01:31:51,2,2026-01-20 01:31:51,41041532,0xa1225bb58bf79e3d84d259f98c90e7625cc82bf583495b0da99f02eb3e8dbfb3,354,settled,6,3,0.2046,0.79561,@mr-r0b0t,https://farcaster.xyz/mr-r0b0t,0.2046,2026-01-20 01:26:51,@mr-r0b0t,https://farcaster.xyz/mr-r0b0t,0.2046,2026-01-20 01:32:05,#545/681,onchain_token_uri_verified,0x34c6b56279a313cbc81d9decc27842db66eee25c7036d608893ce0bced4faa8d,0x325c8ddef5ae74fb2009c17813bd43b05d5662dfba75a1a5e2ea0dd52c4d33b5
599,https://api.degendogs.club/images/599.png,2026-01-18 01:26:59,2026-01-19 01:26:59,2026-01-19 01:26:59,0,,,,,settled,4,3,0.21805,0.60647,@stemo.eth,https://farcaster.xyz/stemo.eth,0.21805,2026-01-18 22:56:31,@stemo.eth,https://farcaster.xyz/stemo.eth,0.21805,2026-01-19 01:28:37,#94/681,onchain_token_uri_verified,0xcd0a6897e54e25237722bdd3ca22d21f23cbf95539240344349e1615e2104d5c,0x34c6b56279a313cbc81d9decc27842db66eee25c7036d608893ce0bced4faa8d
598,https://api.degendogs.club/images/598.png,2026-01-17 01:26:57,2026-01-18 01:26:57,2026-01-18 01:26:57,0,,,,,settled,8,5,0.19812,0.43055,@cryptocloudtv,https://farcaster.xyz/cryptocloudtv,0.19812,2026-01-17 20:56:07,@cryptocloudtv,https://farcaster.xyz/cryptocloudtv,0.19812,2026-01-18 01:26:59,#425/681,onchain_token_uri_verified,0x9994b6ad734104e3035f3c199fdc1b4759503e211f584383f01ff18859313390,0xcd0a6897e54e25237722bdd3ca22d21f23cbf95539240344349e1615e2104d5c
597,https://api.degendogs.club/images/597.png,2026-01-16 01:26:11,2026-01-17 01:26:11,2026-01-17 01:26:11,0,,,,,settled,14,12,0.1947,0.40239,@mr-r0b0t,https://farcaster.xyz/mr-r0b0t,0.1947,2026-01-16 20:48:33,@mr-r0b0t,https://farcaster.xyz/mr-r0b0t,0.1947,2026-01-17 01:26:57,#263/681,onchain_token_uri_verified,0x9779001e2fa95e2bfbf995c58c6d1001fa7b4761f11a5b4cfcf53b8342b66f6a,0x9994b6ad734104e3035f3c199fdc1b4759503e211f584383f01ff18859313390
596,https://api.degendogs.club/images/596.png,2026-01-15 01:14:37,2026-01-16 01:14:37,2026-01-16 01:24:39,3,2026-01-16 01:24:39,40868516,0xc788d714d5e02d4bb03c92cf3e3deca4d9f1f6c48697b8c5e7ca94db7c0cff7f,840,settled,19,11,0.17441,1.02673,@vaibhavmule,https://farcaster.xyz/vaibhavmule,0.17441,2026-01-16 01:19:39,@vaibhavmule,https://farcaster.xyz/vaibhavmule,0.17441,2026-01-16 01:26:11,#451/681,onchain_token_uri_verified,0xae903ebf76404904f3f2b09817305f74054fe338d36411e3b5eab58d9c24ddb6,0x9779001e2fa95e2bfbf995c58c6d1001fa7b4761f11a5b4cfcf53b8342b66f6a
595,https://api.degendogs.club/images/595.png,2026-01-14 01:08:51,2026-01-15 01:08:51,2026-01-15 01:14:13,2,2026-01-15 01:14:13,40825003,0x4bf65c0045c682cae9d2f2c53af535e45fb110a8c3f23bcadc6e0501cd3448d7,940,settled,49,20,0.15691,1.6881,@doldole,https://farcaster.xyz/doldole,0.15691,2026-01-15 01:09:13,@doldole,https://farcaster.xyz/doldole,0.15691,2026-01-15 01:14:37,#315/681,onchain_token_uri_verified,0x6ee1e80cc606e534e6fa9d9092a01cb94290b84559ba3a6469b2c212681feef7,0xae903ebf76404904f3f2b09817305f74054fe338d36411e3b5eab58d9c24ddb6
594,https://api.degendogs.club/images/594.png,2026-01-13 01:08:39,2026-01-14 01:08:39,2026-01-14 01:08:39,0,,,,,settled,6,6,0.15974,0.65995,@ohosttcod,https://farcaster.xyz/ohosttcod,0.15974,2026-01-14 00:55:09,@ohosttcod,https://farcaster.xyz/ohosttcod,0.15974,2026-01-14 01:08:51,#630/681,onchain_token_uri_verified,0x22dd741f6a4cd7442adef4edd317596fa1f9a48d2a42229e28f50167148f11e7,0x6ee1e80cc606e534e6fa9d9092a01cb94290b84559ba3a6469b2c212681feef7
593,https://api.degendogs.club/images/593.png,2026-01-12 01:08:17,2026-01-13 01:08:17,2026-01-13 01:08:17,0,,,,,settled,6,5,0.14301,0.49602,@skunkape,https://farcaster.xyz/skunkape,0.14301,2026-01-12 23:34:19,@skunkape,https://farcaster.xyz/skunkape,0.14301,2026-01-13 01:08:39,#349/681,onchain_token_uri_verified,0xedb60c22a757fc316d8b511fe71827b12c6f5531b9a9288e4be7b62fe060a35c,0x22dd741f6a4cd7442adef4edd317596fa1f9a48d2a42229e28f50167148f11e7
592,https://api.degendogs.club/images/592.png,2026-01-11 01:06:41,2026-01-12 01:06:41,2026-01-12 01:08:09,2,2026-01-12 01:08:09,40695221,0x7f59af52bc309f10755f3e3589079504d2e80fa097c41f7e21f8859fe2384a70,1157,settled,13,4,0.16,1.08002,@0xael.eth,https://farcaster.xyz/0xael.eth,0.16,2026-01-12 01:03:09,@0xael.eth,https://farcaster.xyz/0xael.eth,0.16,2026-01-12 01:08:17,#396/681,onchain_token_uri_verified,0x1bda55b7096a2b03ba5f7d05c2b581ef5556581eba33ad307715d45e8eea3f1f,0xedb60c22a757fc316d8b511fe71827b12c6f5531b9a9288e4be7b62fe060a35c
591,https://api.degendogs.club/images/591.png,2026-01-10 00:43:31,2026-01-11 00:43:31,2026-01-11 01:06:25,7,2026-01-11 01:06:25,40651969,0x420d35d685fb60c04c1d5557f4576e2da55909be81691cd553a6f4282d2fde21,921,settled,26,10,0.3021,2.80923,@vaibhavmule,https://farcaster.xyz/vaibhavmule,0.3021,2026-01-11 01:01:25,@vaibhavmule,https://farcaster.xyz/vaibhavmule,0.3021,2026-01-11 01:06:41,#402/681,onchain_token_uri_verified,0x077dd8302e353010633eb5c10283eb766f5ae45f5a75ae8ba5ba8c5611a6650b,0x1bda55b7096a2b03ba5f7d05c2b581ef5556581eba33ad307715d45e8eea3f1f
590,https://api.degendogs.club/images/590.png,2026-01-09 00:34:31,2026-01-10 00:34:31,2026-01-10 00:43:19,4,2026-01-10 00:43:19,40608076,0xe3f96d4636c478d26772e195cbb29fd302856c1b54e6b14fcf4e9375f678f8fa,184,settled,58,21,0.16455,1.61384,@0xael.eth,https://farcaster.xyz/0xael.eth,0.16455,2026-01-10 00:38:19,@0xael.eth,https://farcaster.xyz/0xael.eth,0.16455,2026-01-10 00:43:31,#80/681,onchain_token_uri_verified,0x875be581184c855641547daf148a091a709a3001740ee0ac26ea85a55a5a4400,0x077dd8302e353010633eb5c10283eb766f5ae45f5a75ae8ba5ba8c5611a6650b
